case_id,WSI,GT,tumor_patch_pct,n_patches
normal_001,normal_001,Normal,0.0,1031
normal_002,normal_002,Normal,0.0,1751
normal_003,normal_003,Normal,0.0,1626
normal_004,normal_004,Normal,0.0,769
normal_005,normal_005,Normal,0.0,1867
normal_006,normal_006,Normal,0.0,1466
normal_007,normal_007,Normal,0.0,1772
normal_008,normal_008,Normal,0.0,2175
normal_009,normal_009,Normal,0.0,2840
normal_010,normal_010,Normal,0.0,1990
normal_011,normal_011,Normal,0.0,5190
normal_012,normal_012,Normal,0.0,1382
normal_013,normal_013,Normal,0.0,1038
normal_014,normal_014,Normal,0.0,1956
normal_015,normal_015,Normal,0.0,3226
normal_016,normal_016,Normal,0.0,629
normal_017,normal_017,Normal,0.0,164
normal_018,normal_018,Normal,0.0,2233
normal_019,normal_019,Normal,0.0,241
normal_020,normal_020,Normal,0.0,519
normal_021,normal_021,Normal,0.0,352
normal_022,normal_022,Normal,0.0,3470
normal_023,normal_023,Normal,0.0,1728
normal_024,normal_024,Normal,0.0,6939
normal_025,normal_025,Normal,0.0,3813
normal_026,normal_026,Normal,0.0,5840
normal_027,normal_027,Normal,0.0,695
normal_028,normal_028,Normal,0.0,2013
normal_029,normal_029,Normal,0.0,1588
normal_030,normal_030,Normal,0.0,2712
normal_031,normal_031,Normal,0.0,5012
normal_032,normal_032,Normal,0.0,2670
normal_033,normal_033,Normal,0.0,4687
normal_034,normal_034,Normal,0.0,5117
normal_035,normal_035,Normal,0.0,1976
normal_036,normal_036,Normal,0.0,2037
normal_037,normal_037,Normal,0.0,2951
normal_038,normal_038,Normal,0.0,1136
normal_039,normal_039,Normal,0.0,2804
normal_040,normal_040,Normal,0.0,5170
normal_041,normal_041,Normal,0.0,3328
normal_042,normal_042,Normal,0.0,111
normal_043,normal_043,Normal,0.0,2093
normal_044,normal_044,Normal,0.0,3976
normal_045,normal_045,Normal,0.0,1977
normal_046,normal_046,Normal,0.0,1221
normal_047,normal_047,Normal,0.0,2140
normal_048,normal_048,Normal,0.0,1261
normal_049,normal_049,Normal,0.0,1810
normal_050,normal_050,Normal,0.0,4744
normal_051,normal_051,Normal,0.0,3083
normal_052,normal_052,Normal,0.0,5367
normal_053,normal_053,Normal,0.0,4188
normal_054,normal_054,Normal,0.0,946
normal_055,normal_055,Normal,0.0,2503
normal_056,normal_056,Normal,0.0,2355
normal_057,normal_057,Normal,0.0,1618
normal_058,normal_058,Normal,0.0,2729
normal_059,normal_059,Normal,0.0,3074
normal_060,normal_060,Normal,0.0,551
normal_061,normal_061,Normal,0.0,4534
normal_062,normal_062,Normal,0.0,1192
normal_063,normal_063,Normal,0.0,1732
normal_064,normal_064,Normal,0.0,6348
normal_065,normal_065,Normal,0.0,1839
normal_066,normal_066,Normal,0.0,7677
normal_067,normal_067,Normal,0.0,5001
normal_068,normal_068,Normal,0.0,4950
normal_069,normal_069,Normal,0.0,3256
normal_070,normal_070,Normal,0.0,5671
normal_071,normal_071,Normal,0.0,2805
normal_072,normal_072,Normal,0.0,6486
normal_073,normal_073,Normal,0.0,2469
normal_074,normal_074,Normal,0.0,3589
normal_075,normal_075,Normal,0.0,3192
normal_076,normal_076,Normal,0.0,6747
normal_077,normal_077,Normal,0.0,2996
normal_078,normal_078,Normal,0.0,2318
normal_079,normal_079,Normal,0.0,4930
normal_080,normal_080,Normal,0.0,5838
normal_081,normal_081,Normal,0.0,6180
normal_082,normal_082,Normal,0.0,4113
normal_083,normal_083,Normal,0.0,1419
normal_084,normal_084,Normal,0.0,1460
normal_085,normal_085,Normal,0.0,2073
normal_087,normal_087,Normal,0.0,4701
normal_088,normal_088,Normal,0.0,4086
normal_089,normal_089,Normal,0.0,6788
normal_090,normal_090,Normal,0.0,4036
normal_091,normal_091,Normal,0.0,7723
normal_092,normal_092,Normal,0.0,3875
normal_093,normal_093,Normal,0.0,4257
normal_094,normal_094,Normal,0.0,4819
normal_095,normal_095,Normal,0.0,4770
normal_096,normal_096,Normal,0.0,4222
normal_097,normal_097,Normal,0.0,3771
normal_098,normal_098,Normal,0.0,1167
normal_099,normal_099,Normal,0.0,4534
normal_100,normal_100,Normal,0.0,2524
normal_101,normal_101,Normal,0.0,3388
normal_102,normal_102,Normal,0.0,3775
normal_103,normal_103,Normal,0.0,3288
normal_104,normal_104,Normal,0.0,6413
normal_105,normal_105,Normal,0.0,3681
normal_106,normal_106,Normal,0.0,4413
normal_107,normal_107,Normal,0.0,3253
normal_108,normal_108,Normal,0.0,1134
normal_109,normal_109,Normal,0.0,4619
normal_110,normal_110,Normal,0.0,6396
normal_111,normal_111,Normal,0.0,8086
normal_112,normal_112,Normal,0.0,5199
normal_113,normal_113,Normal,0.0,4742
normal_114,normal_114,Normal,0.0,7264
normal_115,normal_115,Normal,0.0,4807
normal_116,normal_116,Normal,0.0,3354
normal_117,normal_117,Normal,0.0,3109
normal_118,normal_118,Normal,0.0,3506
normal_119,normal_119,Normal,0.0,4084
normal_120,normal_120,Normal,0.0,5866
normal_121,normal_121,Normal,0.0,6144
normal_122,normal_122,Normal,0.0,5179
normal_123,normal_123,Normal,0.0,4165
normal_124,normal_124,Normal,0.0,4803
normal_125,normal_125,Normal,0.0,7745
normal_126,normal_126,Normal,0.0,3865
normal_127,normal_127,Normal,0.0,7785
normal_128,normal_128,Normal,0.0,2504
normal_129,normal_129,Normal,0.0,8820
normal_130,normal_130,Normal,0.0,3981
normal_131,normal_131,Normal,0.0,5116
normal_132,normal_132,Normal,0.0,7450
normal_133,normal_133,Normal,0.0,5039
normal_134,normal_134,Normal,0.0,2863
normal_135,normal_135,Normal,0.0,4567
normal_136,normal_136,Normal,0.0,4642
normal_137,normal_137,Normal,0.0,6522
normal_138,normal_138,Normal,0.0,6925
normal_139,normal_139,Normal,0.0,7630
normal_140,normal_140,Normal,0.0,6233
normal_141,normal_141,Normal,0.0,3285
normal_142,normal_142,Normal,0.0,7008
normal_143,normal_143,Normal,0.0,4000
normal_144,normal_144,Normal,0.0,2998
normal_145,normal_145,Normal,0.0,7279
normal_146,normal_146,Normal,0.0,3821
normal_147,normal_147,Normal,0.0,5452
normal_148,normal_148,Normal,0.0,3597
normal_149,normal_149,Normal,0.0,6428
normal_150,normal_150,Normal,0.0,1358
normal_151,normal_151,Normal,0.0,3800
normal_152,normal_152,Normal,0.0,3680
normal_153,normal_153,Normal,0.0,2214
normal_154,normal_154,Normal,0.0,4015
normal_155,normal_155,Normal,0.0,1988
normal_156,normal_156,Normal,0.0,2892
normal_157,normal_157,Normal,0.0,3549
normal_158,normal_158,Normal,0.0,4039
normal_159,normal_159,Normal,0.0,5125
normal_160,normal_160,Normal,0.0,6060
tumor_001,tumor_001,Tumor,0.16923076923076924,6500
tumor_002,tumor_002,Tumor,0.03757985719654265,2661
tumor_003,tumor_003,Tumor,0.22243406418811568,3147
tumor_004,tumor_004,Tumor,0.667302192564347,4196
tumor_005,tumor_005,Tumor,0.23492560689115113,1277
tumor_006,tumor_006,Tumor,0.03567606136282554,5606
tumor_007,tumor_007,Tumor,0.10176390773405698,2948
tumor_008,tumor_008,Tumor,0.0,4376
tumor_009,tumor_009,Tumor,16.618437370814387,4838
tumor_010,tumor_010,Tumor,0.0,3687
tumor_011,tumor_011,Tumor,4.91358024691358,4050
tumor_012,tumor_012,Tumor,0.05449591280653951,1835
tumor_013,tumor_013,Tumor,0.3076923076923077,3250
tumor_014,tumor_014,Tumor,1.6724053123462863,4066
tumor_015,tumor_015,Tumor,0.17166042446941324,6408
tumor_016,tumor_016,Tumor,9.478970495919649,1593
tumor_017,tumor_017,Tumor,0.0,5327
tumor_018,tumor_018,Tumor,0.9770603228547153,4708
tumor_019,tumor_019,Tumor,0.2582311168495804,1549
tumor_020,tumor_020,Tumor,1.3857218031924223,5701
tumor_021,tumor_021,Tumor,0.630297761356227,4601
tumor_022,tumor_022,Tumor,0.09982530571499876,4007
tumor_023,tumor_023,Tumor,0.05,2000
tumor_024,tumor_024,Tumor,0.023952095808383235,4175
tumor_025,tumor_025,Tumor,2.24848659556068,3469
tumor_026,tumor_026,Tumor,10.99199542595769,6996
tumor_027,tumor_027,Tumor,0.0447127207690588,4473
tumor_028,tumor_028,Tumor,0.03471017007983339,5762
tumor_029,tumor_029,Tumor,0.9448515233320478,5186
tumor_030,tumor_030,Tumor,0.0,4767
tumor_031,tumor_031,Tumor,8.194343727338651,1379
tumor_032,tumor_032,Tumor,0.0844059928254906,4739
tumor_033,tumor_033,Tumor,1.970350910114468,5329
tumor_034,tumor_034,Tumor,4.166666666666667,1896
tumor_035,tumor_035,Tumor,0.050761421319796954,1970
tumor_036,tumor_036,Tumor,1.5802269043760129,4936
tumor_037,tumor_037,Tumor,0.5393180236604036,5748
tumor_038,tumor_038,Tumor,3.099510603588907,1226
tumor_039,tumor_039,Tumor,5.6976744186046515,3440
tumor_040,tumor_040,Tumor,0.02126754572522331,4702
tumor_041,tumor_041,Tumor,0.04552697473252902,4393
tumor_042,tumor_042,Tumor,0.8340113913751017,4916
tumor_043,tumor_043,Tumor,0.0,1240
tumor_044,tumor_044,Tumor,27.64403570462537,3697
tumor_045,tumor_045,Tumor,0.27958993476234856,4292
tumor_046,tumor_046,Tumor,14.24847958297133,5755
tumor_047,tumor_047,Tumor,13.118527042577675,4345
tumor_048,tumor_048,Tumor,0.037821482602118005,5288
tumor_049,tumor_049,Tumor,0.08998200359928014,3334
tumor_050,tumor_050,Tumor,0.155902004454343,4490
tumor_051,tumor_051,Tumor,1.7123954076668613,5139
tumor_052,tumor_052,Tumor,1.4260768335273575,3436
tumor_053,tumor_053,Tumor,0.0315059861373661,3174
tumor_054,tumor_054,Tumor,24.943936518889082,5797
tumor_055,tumor_055,Tumor,11.261816687217427,2433
tumor_056,tumor_056,Tumor,0.8527131782945736,3870
tumor_057,tumor_057,Tumor,0.08517887563884156,2348
tumor_058,tumor_058,Tumor,21.571152607855762,1553
tumor_059,tumor_059,Tumor,0.08733624454148471,1145
tumor_060,tumor_060,Tumor,0.0,2203
tumor_061,tumor_061,Tumor,2.5535207634769153,3877
tumor_062,tumor_062,Tumor,0.8601553829078802,3604
tumor_063,tumor_063,Tumor,0.01326435866825839,7539
tumor_064,tumor_064,Tumor,4.073383084577115,3216
tumor_065,tumor_065,Tumor,0.09737098344693282,2054
tumor_066,tumor_066,Tumor,0.0,5977
tumor_067,tumor_067,Tumor,0.0,1805
tumor_068,tumor_068,Tumor,4.937486755668574,4719
tumor_069,tumor_069,Tumor,0.2581477896095515,3099
tumor_070,tumor_070,Tumor,0.026983270372369132,3706
tumor_071,tumor_071,Tumor,1.3419713095788988,4322
tumor_072,tumor_072,Tumor,1.9753086419753085,5670
tumor_073,tumor_073,Tumor,0.1549053356282272,5810
tumor_074,tumor_074,Tumor,0.13064576334453154,5358
tumor_075,tumor_075,Tumor,1.4255383682135274,3297
tumor_076,tumor_076,Tumor,39.84681154257214,5614
tumor_077,tumor_077,Tumor,0.19798059790140565,5051
tumor_078,tumor_078,Tumor,19.859961807765753,4713
tumor_079,tumor_079,Tumor,0.48983590497183443,4083
tumor_080,tumor_080,Tumor,0.0646725949878739,6185
tumor_081,tumor_081,Tumor,0.0,3253
tumor_082,tumor_082,Tumor,8.661997788426097,2713
tumor_083,tumor_083,Tumor,0.6153846153846154,7475
tumor_084,tumor_084,Tumor,1.4640638864241349,2254
tumor_085,tumor_085,Tumor,15.891741845940318,2882
tumor_086,tumor_086,Tumor,0.028604118993135013,6992
tumor_087,tumor_087,Tumor,0.08282716731087797,3622
tumor_088,tumor_088,Tumor,3.5076795350767953,4818
tumor_089,tumor_089,Tumor,17.817324185248715,9328
tumor_090,tumor_090,Tumor,3.051126992853216,7276
tumor_091,tumor_091,Tumor,3.3682634730538923,1336
tumor_092,tumor_092,Tumor,0.19948134849391583,10026
tumor_093,tumor_093,Tumor,0.12055455093429777,3318
tumor_094,tumor_094,Tumor,1.1533107973752237,5029
tumor_095,tumor_095,Tumor,9.094804499196572,9335
tumor_096,tumor_096,Tumor,0.6086266207991532,3779
tumor_097,tumor_097,Tumor,0.01725327812284334,5796
tumor_098,tumor_098,Tumor,0.034482758620689655,2900
tumor_099,tumor_099,Tumor,0.3459409594095941,4336
tumor_100,tumor_100,Tumor,0.10209290454313426,5877
tumor_101,tumor_101,Tumor,5.8042605742513125,3239
tumor_102,tumor_102,Tumor,3.227802413117459,9697
tumor_103,tumor_103,Tumor,0.07835455435847209,5105
tumor_104,tumor_104,Tumor,1.4397120575884823,6668
tumor_105,tumor_105,Tumor,1.9146482122260668,4335
tumor_106,tumor_106,Tumor,0.975531744762514,6253
tumor_107,tumor_107,Tumor,0.11494252873563218,3480
tumor_108,tumor_108,Tumor,0.9541397353031702,6498
tumor_109,tumor_109,Tumor,2.2341745966073643,4834
tumor_110,tumor_110,Tumor,30.696969696969695,3300
tumor_111,tumor_111,Tumor,0.20794824399260628,4328
test_001,test_001,Tumor,2.2790697674418605,4300
test_002,test_002,Tumor,1.0288653901114604,3499
test_003,test_003,Normal,0.0,3363
test_004,test_004,Tumor,0.0,5481
test_005,test_005,Normal,0.0,2185
test_006,test_006,Normal,0.0,4088
test_007,test_007,Normal,0.0,3660
test_008,test_008,Tumor,0.015209125475285171,6575
test_009,test_009,Normal,0.0,4241
test_010,test_010,Tumor,0.022031284423881914,4539
test_011,test_011,Tumor,0.0,5632
test_012,test_012,Normal,0.0,5990
test_013,test_013,Tumor,0.08130081300813008,1230
test_014,test_014,Normal,0.0,6692
test_015,test_015,Normal,0.0,1029
test_016,test_016,Tumor,10.554649265905383,6130
test_017,test_017,Normal,0.0,3312
test_018,test_018,Normal,0.0,2635
test_019,test_019,Normal,0.0,8551
test_020,test_020,Normal,0.0,514
test_021,test_021,Tumor,52.216748768472904,6496
test_022,test_022,Normal,0.0,4881
test_023,test_023,Normal,0.0,3298
test_024,test_024,Normal,0.0,2437
test_025,test_025,Normal,0.0,1188
test_026,test_026,Tumor,4.99304105775922,5748
test_027,test_027,Tumor,1.5288394718554552,2878
test_028,test_028,Normal,0.0,4455
test_029,test_029,Tumor,0.08956560680698612,2233
test_030,test_030,Tumor,0.2566923359002567,2727
test_031,test_031,Normal,0.0,3838
test_032,test_032,Normal,0.0,3877
test_033,test_033,Tumor,0.018908953389429894,10577
test_034,test_034,Normal,0.0,3407
test_035,test_035,Normal,0.0,2868
test_036,test_036,Normal,0.0,3544
test_037,test_037,Normal,0.0,9531
test_038,test_038,Tumor,0.23264831329972857,2579
test_039,test_039,Normal,0.0,2253
test_040,test_040,Tumor,20.407040704070408,1818
test_041,test_041,Normal,0.0,4714
test_042,test_042,Normal,0.0,8784
test_043,test_043,Normal,0.0,1129
test_044,test_044,Normal,0.0,3040
test_045,test_045,Normal,0.0,1438
test_046,test_046,Tumor,0.05521811154058531,1811
test_047,test_047,Normal,0.0,2584
test_048,test_048,Tumor,0.09786651008025053,5109
test_050,test_050,Normal,0.0,4042
test_051,test_051,Tumor,3.0203185063152116,1821
test_052,test_052,Tumor,0.04875670404680644,4102
test_053,test_053,Normal,0.0,5065
test_054,test_054,Normal,0.0,4325
test_055,test_055,Normal,0.0,2152
test_056,test_056,Normal,0.0,6239
test_057,test_057,Normal,0.0,1929
test_058,test_058,Normal,0.0,4749
test_059,test_059,Normal,0.0,2823
test_060,test_060,Normal,0.0,1541
test_061,test_061,Tumor,0.6552262090483619,3205
test_062,test_062,Normal,0.0,1712
test_063,test_063,Normal,0.0,4100
test_064,test_064,Tumor,0.07209805335255948,1387
test_065,test_065,Tumor,0.12626262626262627,1584
test_066,test_066,Tumor,0.05178663904712584,5793
test_067,test_067,Normal,0.0,4281
test_068,test_068,Tumor,3.1553398058252426,4944
test_069,test_069,Tumor,0.2094789211835559,11457
test_070,test_070,Normal,0.0,2861
test_071,test_071,Tumor,4.893403920446416,6989
test_072,test_072,Normal,0.0,3191
test_073,test_073,Tumor,13.865284974093264,4825
test_074,test_074,Tumor,0.13557483731019523,3688
test_075,test_075,Tumor,3.189493433395872,3198
test_076,test_076,Normal,0.0,3954
test_077,test_077,Normal,0.0,4412
test_078,test_078,Normal,0.0,4745
test_079,test_079,Tumor,0.42857142857142855,2800
test_080,test_080,Normal,0.0,5379
test_081,test_081,Normal,0.0,3190
test_082,test_082,Tumor,1.7209729233593392,4358
test_083,test_083,Normal,0.0,885
test_084,test_084,Tumor,0.23350846468184472,1713
test_085,test_085,Normal,0.0,3418
test_086,test_086,Normal,0.0,3359
test_087,test_087,Normal,0.0,2215
test_088,test_088,Normal,0.0,3134
test_089,test_089,Normal,0.0,3093
test_090,test_090,Tumor,34.18817118127905,6239
test_091,test_091,Normal,0.0,3624
test_092,test_092,Tumor,0.20548950535740496,6813
test_093,test_093,Normal,0.0,2890
test_094,test_094,Tumor,1.955614150736102,4551
test_095,test_095,Normal,0.0,3509
test_096,test_096,Normal,0.0,726
test_097,test_097,Tumor,0.0,3383
test_098,test_098,Normal,0.0,4464
test_099,test_099,Tumor,0.0,4789
test_100,test_100,Normal,0.0,6559
test_101,test_101,Normal,0.0,5669
test_102,test_102,Tumor,0.12133468149646107,4945
test_103,test_103,Normal,0.0,2154
test_104,test_104,Tumor,1.3926084627745046,3734
test_105,test_105,Tumor,68.18663838812301,7544
test_106,test_106,Normal,0.0,1597
test_107,test_107,Normal,0.0,1275
test_108,test_108,Tumor,0.5213270142180095,2110
test_109,test_109,Normal,0.0,5357
test_110,test_110,Tumor,0.0,4714
test_111,test_111,Normal,0.0,3188
test_112,test_112,Normal,0.0,2561
test_113,test_113,Tumor,24.304783092324804,5394
test_114,test_114,Tumor,32.49844752639205,4831
test_115,test_115,Normal,0.0,1506
test_116,test_116,Tumor,0.0,2349
test_117,test_117,Tumor,0.0,2795
test_118,test_118,Normal,0.0,2666
test_119,test_119,Normal,0.0,2528
test_120,test_120,Normal,0.0,6162
test_121,test_121,Tumor,0.5915100904662491,2874
test_122,test_122,Tumor,0.2521613832853026,2776
test_123,test_123,Normal,0.0,2607
test_124,test_124,Normal,0.0,941
test_125,test_125,Normal,0.0,4549
test_126,test_126,Normal,0.0,4506
test_127,test_127,Normal,0.0,9498
test_128,test_128,Normal,0.0,1710
test_129,test_129,Normal,0.0,1412
test_130,test_130,Normal,0.0,2443
