case_id,WSI,GT
02ba8600-9d3d-489d-9f0b-f1c59085ecd6,TCGA-34-8455-01Z-00-DX1.9B7A1CBA-0B53-4F2A-9AEC-D72FDB6553F7,"Squamous cell carcinoma, NOS"
02eb85cc-a597-4eaa-9614-c94c0f035929,TCGA-39-5037-01Z-00-DX1.02636c3e-c843-4741-8fbf-406957fe9d87,"Squamous cell carcinoma, NOS"
037c57d1-b4a5-45dc-bda4-0550461d321b,TCGA-22-1016-01Z-00-DX1.807510FD-222D-4E65-B261-3EB0815F8A50,"Squamous cell carcinoma, NOS"
0398eae1-7216-4595-80a5-6b117d96e070,TCGA-21-1083-01Z-00-DX1.8288ca92-b611-4acf-986e-0b8a3f620b94,"Squamous cell carcinoma, NOS"
03d09c05-49ab-4ba6-a8d7-e7ccf71fafd2,TCGA-05-4245-01Z-00-DX1.36ff5403-d4bb-4415-b2c5-7c750d655cde,"Adenocarcinoma, NOS"
03fa3310-406d-4c12-a409-136fc47d996d,TCGA-18-3419-01Z-00-DX1.69597BCF-2D4E-4D9B-B4E8-C03137445AF4,"Squamous cell carcinoma, NOS"
059212b3-9e71-4d00-863f-3639c4e30ed1,TCGA-34-8454-01Z-00-DX1.A2308ED3-E430-4448-853F-B51412354279,"Squamous cell carcinoma, NOS"
0780eb43-d5b5-4c3d-9825-beacba5cc723,TCGA-49-4501-01Z-00-DX1.9c4bf212-5e32-449e-8710-cf7a3594156e,"Adenocarcinoma, NOS"
07b5663f-9a54-4462-b6c1-6fc8116b8714,TCGA-44-2655-01Z-00-DX1.ee255271-780c-461c-ab23-5cd3504b5e4a,"Adenocarcinoma, NOS"
0806923c-2dee-403d-a2e9-771722873b0d,TCGA-43-2576-01Z-00-DX1.779df209-95e1-4303-9c32-4083e8088d8e,"Squamous cell carcinoma, NOS"
088edf89-d2b5-40c7-b066-df3bd383f7ea,TCGA-49-4505-01Z-00-DX1.d49d603e-1f76-43a1-a803-9f2d6a6df715,"Adenocarcinoma, NOS"
09d08a43-4dcb-46d6-b2bd-f6245a6fff21,TCGA-37-4132-01Z-00-DX1.5e5a564d-6561-48e7-a3a2-81a523392d8b,"Squamous cell carcinoma, NOS"
0ab8d063-62b4-4d47-82aa-e3351a60029d,TCGA-21-1078-01Z-00-DX1.12d4a290-04fa-413e-b274-7c143d42c266,"Squamous cell carcinoma, NOS"
0c80ab20-7e33-4f1d-b136-07782b68e98b,TCGA-22-4604-01Z-00-DX1.C398D192-8564-42AB-89B8-461F0830D8A1,"Squamous cell carcinoma, NOS"
0d3c11b5-856e-4d41-b94a-b2e32f9c5792,TCGA-33-4582-01Z-00-DX1.629AEDB6-E9AA-4615-92E8-5DDAAFF6103E,"Squamous cell carcinoma, NOS"
0e084325-ba97-4c0a-9d00-12d01b4bc0bb,TCGA-43-8115-01Z-00-DX1.1CFF45F8-6155-498C-AA52-269E6547FE0D,"Squamous cell carcinoma, NOS"
0e2ee54a-51c9-4868-842d-a2a1c1cfb016,TCGA-21-1082-01Z-00-DX1.cae5bbaa-76f5-416d-b532-16cf773e017e,"Squamous cell carcinoma, NOS"
0ea4920f-f4c8-4590-84b3-eb419824e144,TCGA-38-4625-01Z-00-DX1.ffdbfc1d-7a21-4e67-a54f-89597bd14a7f,"Adenocarcinoma, NOS"
127bf818-f7e5-46b5-a9de-39f6d96b8b83,TCGA-38-4629-01Z-00-DX1.d00cc280-5370-4b9f-9655-6c35deb94647,"Adenocarcinoma, NOS"
14a4a93a-e24d-46f2-bee3-18bd792ef95a,TCGA-39-5019-01Z-00-DX1.FE0485DE-AEB3-443F-AFCA-C186C336F7EC,"Squamous cell carcinoma, NOS"
18058bfb-a008-410f-8e04-7c2b45a856b7,TCGA-22-1011-01Z-00-DX1.A67E3D3F-4B94-4335-8199-03B7CB75608E,"Squamous cell carcinoma, NOS"
19f0cb8c-2e57-4310-967f-a9890f1605db,TCGA-18-4721-01Z-00-DX1.C4952E79-071A-49C5-8E28-474442832D4E,"Squamous cell carcinoma, NOS"
1cbf2cad-75c3-4615-9734-0fcdc00dcee5,TCGA-37-A5EM-01Z-00-DX1.FF7B9A1C-9D2C-43E4-9AE9-711214ACF77D,"Squamous cell carcinoma, NOS"
1f6b2aca-7357-40d1-ba7a-99227d9900a2,TCGA-37-4135-01Z-00-DX1.3f193ee1-530c-4f37-a669-56af75bba8db,"Squamous cell carcinoma, NOS"
1fc81cd4-fa89-4135-8c3c-027ffae82b05,TCGA-44-5644-01Z-00-DX1.7e4edaa7-25c6-49f4-81bc-f50d6c5fac38,"Adenocarcinoma, NOS"
2079155a-d91d-4246-a038-01934a580f32,TCGA-38-4626-01Z-00-DX1.142bc018-bd79-4db9-84e2-f83a617ea92a,"Adenocarcinoma, NOS"
211bb982-16f4-4f07-b24f-e633703f24c4,TCGA-22-4591-01Z-00-DX1.8C89ABEB-A1E3-47D1-B247-02539EF3F959,"Squamous cell carcinoma, NOS"
220be009-8f1e-4a77-ab04-3220b5f87ea6,TCGA-21-1076-01Z-00-DX1.533ca070-93e0-4d49-8770-8f42f341ca38,"Squamous cell carcinoma, NOS"
22302e92-fdfa-462a-9249-efdaa26ee5ed,TCGA-44-6144-01Z-00-DX1.604b3c7c-92e8-474a-bae8-e48415ea6196,"Adenocarcinoma, NOS"
230dc42d-681c-4e31-9d2e-c724e61829fb,TCGA-44-8119-01Z-00-DX1.1EBEBFA7-22DB-4365-9DF8-C4E679C11312,"Adenocarcinoma, NOS"
2483621a-4db3-41ab-aa33-b9427ea8a0af,TCGA-38-4631-01Z-00-DX1.5e0c873a-9c4c-4e0b-bf2e-e3cd8b760761,"Adenocarcinoma, NOS"
25f64b80-0672-4980-9875-956b1699309b,TCGA-22-1017-01Z-00-DX1.9562FE79-A261-42D3-B394-F3E0E2FF7DDA,"Squamous cell carcinoma, NOS"
26556020-3daf-4b8b-a3de-c0532c96aca0,TCGA-33-AASB-01Z-00-DX1.7AAF5628-3B4D-4230-8375-AB1A51054466,"Squamous cell carcinoma, NOS"
27fceec1-3298-4cdd-a4e6-8f5cf34604f0,TCGA-44-5643-01Z-00-DX1.83fb7631-0ecb-4473-bfb2-c8daa2f87d35,"Adenocarcinoma, NOS"
28f899c5-ea17-4df6-83e6-e744e04d0ea1,TCGA-21-1070-01Z-00-DX1.06363f8a-ef29-4d73-95da-a3172d7873c0,"Squamous cell carcinoma, NOS"
2afa2fd8-e4d9-4e7b-b387-7e2451764d5d,TCGA-21-1081-01Z-00-DX1.fce8927a-2c5f-4a64-8414-da66424b3859,"Squamous cell carcinoma, NOS"
2c8877f9-ee7f-4216-97ad-d2939a13daa4,TCGA-22-4613-01Z-00-DX1.4BC3B7B8-99E7-4744-8F5A-089ECCDE144E,"Squamous cell carcinoma, NOS"
2c89b366-c394-4067-bbb0-f24f5920ecaa,TCGA-18-5592-01Z-00-DX1.41BD6380-A3A0-4ED1-8752-42BBC3B4680C,"Squamous cell carcinoma, NOS"
2e7cd434-0440-47a2-bc59-8805b8324ec4,TCGA-22-4607-01Z-00-DX1.5C521672-8405-43A2-ACB5-16174A74BCB7,"Squamous cell carcinoma, NOS"
2f39e89c-a8f7-4df8-a0f5-ef9990c2133c,TCGA-39-5029-01Z-00-DX1.74c5cb38-650e-4fe7-bc63-f6e88761346d,"Squamous cell carcinoma, NOS"
305f72a8-069b-410b-bbe4-4ecb761c748d,TCGA-22-5485-01Z-00-DX1.952DBCF0-08DA-49BD-B020-DEC1A77A1D81,"Squamous cell carcinoma, NOS"
33c71ead-4c2a-476d-85ef-885dbbfc2cbd,TCGA-44-6774-01Z-00-DX1.f169485b-f863-4be0-9844-258d78170b64,"Adenocarcinoma, NOS"
34040b83-7e8a-4264-a551-b16621843e28,TCGA-05-4244-01Z-00-DX1.d4ff32cd-38cf-40ea-8213-45c2b100ac01,"Adenocarcinoma, NOS"
34193c52-837c-4cf8-850a-00ae55be28ec,TCGA-37-4133-01Z-00-DX1.3dfcb0df-6f4b-4df7-9d04-085b36e03024,"Squamous cell carcinoma, NOS"
349e6f38-2c67-4a69-a777-b9173a2a27cf,TCGA-44-6777-01Z-00-DX1.aca7b23d-a601-4476-8bfd-eb46f0b6a96e,"Adenocarcinoma, NOS"
34d5d8b7-9737-43fa-86fe-7c2885c787cf,TCGA-18-3421-01Z-00-DX1.3777597A-8B36-48A9-B950-C8233392A6D5,"Squamous cell carcinoma, NOS"
376dfd27-68e8-4a1a-9c4f-5064279b2a9e,TCGA-33-4586-01Z-00-DX1.3b7dbb34-4bb4-4de5-a67f-1b6260fd8f15,"Squamous cell carcinoma, NOS"
37f5457e-21d9-4b79-95d5-ded6f2e43087,TCGA-43-2578-01Z-00-DX1.3314c57b-2875-4cb3-8fff-cb9cf65aa697,"Squamous cell carcinoma, NOS"
381edbe7-f391-4154-b16e-ac91d550582e,TCGA-43-6770-01Z-00-DX1.466dd07f-b147-48bb-9349-fe1f5f3bcae5,"Squamous cell carcinoma, NOS"
396932ab-c4b3-4526-9201-9222f5f062a5,TCGA-22-5480-01Z-00-DX1.A6E25FF1-9616-4F5F-97BD-BA1912C46008,"Squamous cell carcinoma, NOS"
3a74420c-9ee6-4131-8aff-7265b047e6a8,TCGA-39-5024-01Z-00-DX1.b159135e-c9d5-4768-83a6-1de9961d20ad,"Squamous cell carcinoma, NOS"
3bd6badb-27ff-4d8d-b206-4d28dc264862,TCGA-44-3396-01Z-00-DX1.187b0a68-ad51-4fcd-819c-b74a8599dbe9,"Adenocarcinoma, NOS"
3c4ff061-d214-4d1c-8d2e-3034f207c252,TCGA-44-6775-01Z-00-DX1.38d3bc6d-8bb5-4126-8d61-d39e6a1d7bcf,"Adenocarcinoma, NOS"
3c56a43a-91f1-4a66-9cfe-d2e26b86a936,TCGA-22-1005-01Z-00-DX1.4A151CC3-E57F-4345-817A-2B9DBAF98477,"Squamous cell carcinoma, NOS"
3ebd3dcd-b4f1-449c-8b2f-86f90643676b,TCGA-39-5036-01Z-00-DX1.5a601fbd-a711-478e-a471-2046d2b63f7c,"Squamous cell carcinoma, NOS"
4036c6fc-c82e-47bb-a384-6f299dc30b52,TCGA-44-7672-01Z-00-DX1.71f4a0c6-a9cc-481c-ace8-c8c314952aa1,"Adenocarcinoma, NOS"
40e928e8-bedd-4b86-81bc-b581bfc897d4,TCGA-43-6647-01Z-00-DX1.ac38a9bb-d5af-42c1-b96c-c1d6b958dd17,"Squamous cell carcinoma, NOS"
422a46b2-a67c-4a7e-923f-9b651ced96f8,TCGA-22-5492-01Z-00-DX1.A17DE349-CD76-4B12-9C5C-DB8DFB23C003,"Squamous cell carcinoma, NOS"
42ca54fc-c1ae-41cd-bca1-7fe9810db460,TCGA-44-2656-01Z-00-DX1.5f247f31-4bb5-460d-a1f7-7dcdba33c835,"Adenocarcinoma, NOS"
44adf4cb-2829-4153-80fd-a8b7ee0e654a,TCGA-35-4122-01Z-00-DX1.2ac022e4-e796-49e5-9a24-f0ff3f76a527,"Adenocarcinoma, NOS"
44b1d457-3a50-404e-b54c-ca619262bc2f,TCGA-33-4547-01Z-00-DX1.7009df06-03f9-497a-b7bd-f8ef4244d152,"Squamous cell carcinoma, NOS"
47cbb242-a356-43ba-95c3-0b0c9ef90fbf,TCGA-22-4609-01Z-00-DX1.35112DF6-5AD4-4EF5-8D00-41AEED41C246,"Squamous cell carcinoma, NOS"
4a81f496-bf8e-43e8-8332-9aaef09f485f,TCGA-37-3792-01Z-00-DX1.d95a9f5f-5bad-48fc-9f90-ed2580328b80,"Squamous cell carcinoma, NOS"
4add88b7-169a-448f-b063-c7e6402628f1,TCGA-21-5784-01Z-00-DX1.E50E7F4B-BE37-4171-94A7-E824CFF4B3BB,"Squamous cell carcinoma, NOS"
4addf05f-3668-4b3f-a17f-c0227329ca52,TCGA-05-4249-01Z-00-DX1.9fce0297-cc19-4c04-872c-4466ee4024db,"Adenocarcinoma, NOS"
4b22ad71-c585-4077-ad3c-c6e026d0c7fa,TCGA-44-7669-01Z-00-DX1.34d0c9ac-d3dc-4a5e-b99c-a8c1c1e120d1,"Adenocarcinoma, NOS"
4c806d29-1674-4542-9f30-5c9a0fc184c4,TCGA-18-4086-01Z-00-DX1.1D06B771-F978-4763-8D4E-7B540E02C55A,"Squamous cell carcinoma, NOS"
4cdeafe4-a6db-498f-a019-6e3a9dc35b2f,TCGA-22-5491-01Z-00-DX1.19908BEC-3DDA-4BCD-9EB1-0D2C4A1E5110,"Squamous cell carcinoma, NOS"
4d6b5b30-0dea-4745-bc46-34ebd98f7418,TCGA-43-A56U-01Z-00-DX1.B60C921A-4EE4-4CAE-9E55-311C7D2DA9E4,"Squamous cell carcinoma, NOS"
4daf4a91-bc36-40c8-8fca-ea61b6706775,TCGA-22-5478-01Z-00-DX1.6368788A-96D5-499B-A199-89BF1413AE43,"Squamous cell carcinoma, NOS"
4e1ad82e-23c8-44bb-b74e-a3d0b1126b96,TCGA-18-3407-01Z-00-DX1.E7DDA7E3-45A2-4E06-A081-E6A81A672155,"Squamous cell carcinoma, NOS"
4eaf5d63-9b33-4c7f-871e-45daa735f972,TCGA-34-A5IX-01Z-00-DX1.E10EE7FC-91EA-4A39-8B1B-1312C8D9620B,"Squamous cell carcinoma, NOS"
55bafaad-323b-4b92-813e-52d18d70fc3e,TCGA-33-AASI-01Z-00-DX1.71BC119D-9916-4214-9294-26301F2E430F,"Squamous cell carcinoma, NOS"
5845fe49-f2cc-436b-9ec8-65e775eae111,TCGA-39-5011-01Z-00-DX1.be58f65a-0b90-4ba4-bc5f-df74d4a3df22,"Squamous cell carcinoma, NOS"
5d2a9a4f-678d-4089-a8c5-81a5cb696629,TCGA-35-5375-01Z-00-DX1.10708170-750A-451B-BC10-0B4042540033,"Adenocarcinoma, NOS"
5d3d3918-7da8-4147-90a3-dc015be1dfbe,TCGA-37-4141-01Z-00-DX1.65256656-b0e0-4705-ad00-38f6c8922cfc,"Squamous cell carcinoma, NOS"
5d5cc436-6e57-4d23-a164-7f5153c2e666,TCGA-44-6778-01Z-00-DX1.5e932267-cc68-4a8e-a660-fe2cc0c59ff4,"Adenocarcinoma, NOS"
5f99343b-e8ea-4b41-b36d-cd5c8fd918d0,TCGA-22-4601-01Z-00-DX1.2EABA7B1-1E31-4AFE-B97B-D40EEAD66D85,"Squamous cell carcinoma, NOS"
6013a4fd-89cf-48a7-a465-c7b644afb4a5,TCGA-34-5241-01Z-00-DX1.7abc4737-9a9c-4270-8297-58ea167cea63,"Squamous cell carcinoma, NOS"
6020ec67-8f3b-409f-a0ed-2af849b4d76f,TCGA-46-6025-01Z-00-DX1.05600f09-0b48-448c-b305-cb881970fc52,"Squamous cell carcinoma, NOS"
6144d666-8f77-4efe-95f1-f9e5c4e5e056,TCGA-44-6145-01Z-00-DX1.175ad655-b054-407d-bb22-3a4f85849488,"Adenocarcinoma, NOS"
628b1bc3-825b-4d0e-a4cd-57eeaf98e798,TCGA-18-5595-01Z-00-DX1.75235488-2F6F-42CE-8D7D-0E9A360E1C61,"Squamous cell carcinoma, NOS"
6394fe4a-6034-4c79-b28f-aa43e3753730,TCGA-21-1072-01Z-00-DX1.9e6c90ad-0529-4b8b-a4f8-1b05430600f9,"Squamous cell carcinoma, NOS"
66ed89f6-8ba2-49d0-af0f-4b6ebf2381bf,TCGA-44-3919-01Z-00-DX1.41144972-46a1-4b25-9faa-ed1b9d1996d2,"Adenocarcinoma, NOS"
68b86559-38b2-41f2-b66e-c3c2b628b14d,TCGA-44-4112-01Z-00-DX1.5380b3b4-0e24-4c6c-aa8c-298c5fbe068f,"Adenocarcinoma, NOS"
6ab57144-16ea-4844-b737-e726787d23b9,TCGA-22-1012-01Z-00-DX1.053F81FA-F91A-42B0-8F12-CD2495FA9E99,"Squamous cell carcinoma, NOS"
6b0b6fc0-d808-49c3-8f2a-e122bc3142f5,TCGA-46-3767-01Z-00-DX1.1f1899f9-7d6e-438c-b7ac-701ea088734d,"Squamous cell carcinoma, NOS"
6c3655ca-8ae7-4ad7-b3e4-0c3ec293fba7,TCGA-49-4490-01Z-00-DX1.bde106d9-1494-4775-b77d-11c86bb09b72,"Adenocarcinoma, NOS"
6cf49cf0-de4c-4c90-8358-eae19c6206b0,TCGA-35-4123-01Z-00-DX1.990553a8-657e-49ec-9782-e6d30a4c4909,"Adenocarcinoma, NOS"
6e3b6b72-142d-4b8d-a462-28a205796e41,TCGA-44-3918-01Z-00-DX1.6da70a8b-6307-423a-9d2d-380c16962855,"Adenocarcinoma, NOS"
6eae9623-b4f2-440c-8283-46c7016f953a,TCGA-37-5819-01Z-00-DX1.3647F836-7BB4-4D41-A85E-CFC0B5CBA216,"Squamous cell carcinoma, NOS"
6eb61cab-8e83-4c18-a59a-ae0985ec9d2e,TCGA-18-3416-01Z-00-DX1.EDAD3DEB-8A86-4F34-82EC-6691BFDE900D,"Squamous cell carcinoma, NOS"
6ee6ca0a-8702-480d-b2d1-9224e7dd9211,TCGA-33-4532-01Z-00-DX1.32ab8c26-7cdc-4e55-8c70-5a35d83f81a2,"Squamous cell carcinoma, NOS"
7099597a-b208-45b5-b9e0-11ab40d5e497,TCGA-44-3917-01Z-00-DX1.cf5b5b49-de5e-4f2e-90b4-b138f55560a9,"Adenocarcinoma, NOS"
7224cb42-6799-405f-819d-d45b1cef075e,TCGA-22-A5C4-01Z-00-DX1.54058689-5CA5-4F92-B18A-86208C24C87D,"Squamous cell carcinoma, NOS"
7abb4883-60b7-4882-b946-1a4665889257,TCGA-34-5928-01Z-00-DX1.d336efc9-3ebb-4457-a81b-1e448781f999,"Squamous cell carcinoma, NOS"
7b9479ff-23d6-4689-91f0-02efc94300f9,TCGA-44-A47A-01Z-00-DX1.62448803-3A7B-41EC-9794-67916DA0792E,"Adenocarcinoma, NOS"
7d3e77cc-9603-4722-8e39-1912b678871b,TCGA-34-2596-01Z-00-DX1.be778d17-d06c-4300-aaf1-c0acbef8fa41,"Squamous cell carcinoma, NOS"
7d905f8f-3967-4ea8-96c8-17b1b03fbec3,TCGA-43-5670-01Z-00-DX1.1b5d262e-1f39-4f6f-883c-52101b57791f,"Squamous cell carcinoma, NOS"
7ddd36fd-9e6a-4a46-a799-82998786cb36,TCGA-22-0940-01Z-00-DX1.775CB101-6A55-40DD-B19F-7BFCA7820F5F,"Squamous cell carcinoma, NOS"
7f6455e8-fa3d-4452-acb2-8c9995073072,TCGA-44-7667-01Z-00-DX1.2be2e379-7368-4fa7-a619-ace84febecb3,"Adenocarcinoma, NOS"
7fa49ecb-74a2-42cb-9bc9-1cbbfdde0d28,TCGA-33-A4WN-01Z-00-DX1.438D0EF6-C329-41E5-A7D5-7F037DE34106,"Squamous cell carcinoma, NOS"
8214a0d1-5e2d-4a7a-acb1-e5580755db83,TCGA-38-7271-01Z-00-DX1.EF258BEB-8DEA-483E-823A-1E0B90AAA392,"Adenocarcinoma, NOS"
851867cb-9ad0-4fdf-ac75-9bb0427ad440,TCGA-44-A479-01Z-00-DX1.CA5654C6-A623-452E-A8AC-DB6279CA97B1,"Adenocarcinoma, NOS"
865a1b5a-6d94-4e06-b5a0-ac11e2221679,TCGA-39-5030-01Z-00-DX1.09d96fb6-9a19-40ae-967e-49f378340f9b,"Squamous cell carcinoma, NOS"
875333ab-9048-462d-aaa2-693ad127e3cc,TCGA-38-4632-01Z-00-DX1.5E05F85C-53BC-4280-8E7F-8B9DECEF849F,"Adenocarcinoma, NOS"
889aec8e-14ba-48d9-8fe1-f2416e82b333,TCGA-44-6147-01Z-00-DX1.a34a9f49-e86b-43ee-9e2d-7ef35da0aecf,"Adenocarcinoma, NOS"
8a235eb8-d67d-49fe-a473-1777eb7e7c60,TCGA-37-3783-01Z-00-DX1.08a2c536-e48d-416c-bcad-9db7b2c04c1a,"Squamous cell carcinoma, NOS"
8d32bea5-51ef-4ab0-83ae-1de31e7d4b43,TCGA-33-A5GW-01Z-00-DX1.6F0833B7-EDAB-4DF4-83D9-393D8ADBFCF3,"Squamous cell carcinoma, NOS"
8fbe1f9e-f2a6-4550-aabf-b06607b821f0,TCGA-22-4593-01Z-00-DX1.B573D1D5-88CE-4989-8A18-F9545E8ACA82,"Squamous cell carcinoma, NOS"
9101d953-1eb6-4808-aa44-a7b04e0ef412,TCGA-22-5474-01Z-00-DX1.8736FB24-7E65-4ACB-9325-382D7F864F62,"Squamous cell carcinoma, NOS"
9293e197-e38a-4e19-a7d0-1b45d1ad48bd,TCGA-43-3920-01Z-00-DX1.33ab7101-e3e6-4156-9c16-efae940c8156,"Squamous cell carcinoma, NOS"
9335e4df-9974-47ec-84c4-256cd33522f2,TCGA-34-2605-01Z-00-DX1.4DC249E9-26AD-4C0A-918C-3BC6C2DACDD0,"Squamous cell carcinoma, NOS"
93b62fc5-a0d3-4d32-bf27-cd7c9d43cd5f,TCGA-44-2664-01Z-00-DX1.35c75ae5-eee0-4e69-a13a-31b5fad9869a,"Adenocarcinoma, NOS"
95b83006-02c9-4c4d-bf84-a45115f7d86d,TCGA-18-3406-01Z-00-DX1.8D07F006-425C-4724-BBB3-5BA099401234,"Squamous cell carcinoma, NOS"
95c4c851-6ca3-4416-90ed-73f46f211583,TCGA-37-4129-01Z-00-DX1.0b52aa1e-20d4-4084-8fa1-2f1b7f09dd5b,"Squamous cell carcinoma, NOS"
96006f5e-5922-4e55-afa5-5e43773d72f2,TCGA-22-1002-01Z-00-DX1.A41CF987-B2E7-4ADE-8580-735631EEE963,"Squamous cell carcinoma, NOS"
967d6548-5a84-4b7e-bc3f-2e522859fce6,TCGA-44-A47B-01Z-00-DX1.177D0531-E037-435B-BFD4-382B2150B10D,"Adenocarcinoma, NOS"
972476b7-d7f3-4865-b978-0c13f29457cb,TCGA-22-1000-01Z-00-DX1.D2ACF3D3-6187-49A1-ABBC-8D8E611EEE55,"Squamous cell carcinoma, NOS"
986ced10-52b9-43b4-84ad-96013a657f1b,TCGA-22-4594-01Z-00-DX1.3FCEBC89-8473-4841-87A2-F84AF58A7793,"Squamous cell carcinoma, NOS"
99599b60-4f5c-456b-8755-371b1aa7074e,TCGA-18-3410-01Z-00-DX1.DB186D75-4AEE-4E1B-83D5-5A1970F03581,"Squamous cell carcinoma, NOS"
9a874b64-d0d6-416e-97bc-e9071ed0b16b,TCGA-18-3415-01Z-00-DX1.8C62F2CD-4A2F-4D1E-A662-D7D5AFE557AB,"Squamous cell carcinoma, NOS"
9b38eded-3f46-4aaa-9991-68008d97bdbe,TCGA-44-7670-01Z-00-DX1.2a981dd6-0063-438e-b20e-b180b16e2b23,"Adenocarcinoma, NOS"
9b4fa1c2-ac5a-4e23-8d25-28e1446e7d8f,TCGA-21-5783-01Z-00-DX1.3FAB28DF-5748-42D5-8257-3D440C4FB5FB,"Squamous cell carcinoma, NOS"
9d841e6a-b292-45be-8a7a-50d54606592b,TCGA-21-5786-01Z-00-DX1.928370C0-0BD4-43D6-94EB-FE7CB172265E,"Squamous cell carcinoma, NOS"
9eb34055-0e33-4b3a-827b-d7108b5b0629,TCGA-43-7656-01Z-00-DX1.6076ce10-fcb2-4f29-b3f3-c3f5649dc469,"Squamous cell carcinoma, NOS"
9eb9e06f-bdfd-47f0-b5be-472a1e276f2c,TCGA-39-5022-01Z-00-DX1.1bf6a4da-0b59-4478-bcf1-b004f0356342,"Squamous cell carcinoma, NOS"
9f20b4bc-ee09-42ef-9392-68054a7a2cfe,TCGA-39-5031-01Z-00-DX1.f9264b3b-9fdf-4fb7-8752-2d3ffd3de3ea,"Squamous cell carcinoma, NOS"
a0b3fab8-7817-429b-aa34-7ef03e813313,TCGA-21-1079-01Z-00-DX1.fb8e44cd-f73f-48a4-82d2-34f334d79f53,"Squamous cell carcinoma, NOS"
a33f0741-2161-4818-89f2-ec8ccae57949,TCGA-18-4083-01Z-00-DX1.337D4583-326F-4108-9441-DC74FAED6AE2,"Squamous cell carcinoma, NOS"
a3583ffc-adb9-40f5-8ec5-8a4f6f432220,TCGA-43-6773-01Z-00-DX1.a05f9597-51b5-4a5a-9936-c61535b115bb,"Squamous cell carcinoma, NOS"
a402e786-132c-4095-bb75-22be04b5d835,TCGA-46-3768-01Z-00-DX1.226f6cbc-f1f4-4df8-8366-c94fd78e037b,"Squamous cell carcinoma, NOS"
a534b96b-1665-444a-9308-e610f2f0e510,TCGA-44-7660-01Z-00-DX1.f96c114b-f0fc-498a-97cc-e262344de357,"Adenocarcinoma, NOS"
a57414a5-fcdb-47b5-b07e-edc7dc460783,TCGA-33-AAS8-01Z-00-DX1.774A64E2-17E4-468C-BFE9-85F0D4F52D0E,"Squamous cell carcinoma, NOS"
a6ec75d4-1c90-4527-bfae-aa91d2dae082,TCGA-43-7658-01Z-00-DX1.db69fbb6-59d7-49f5-adbf-f9c030b85b73,"Squamous cell carcinoma, NOS"
a7cd7b0f-ab76-4f3f-a2d5-5ec04fe6c4f3,TCGA-21-A5DI-01Z-00-DX1.E9123261-ADE7-468C-9E9A-334E131FFF97,"Squamous cell carcinoma, NOS"
aa53c701-4b65-4c26-a6f0-02a4498717a8,TCGA-22-4595-01Z-00-DX1.42F28D1E-7AC2-4113-B4EC-F1E7850EA14D,"Squamous cell carcinoma, NOS"
ab9e6815-4d13-44db-93e5-553eb4f5bc95,TCGA-44-7662-01Z-00-DX1.2f0b6cea-795a-40ad-93a9-319858e6fb3b,"Adenocarcinoma, NOS"
ac89e063-a288-4516-9d9e-92cc0ed2bc24,TCGA-37-4130-01Z-00-DX1.37ccfdfe-fc20-4809-8dc7-e342242d0bfa,"Squamous cell carcinoma, NOS"
ad112acb-d241-48a0-8e48-d69cdc3feba8,TCGA-43-2581-01Z-00-DX1.0d1203cf-9ac9-49a2-8bd0-063ceae7b1d3,"Squamous cell carcinoma, NOS"
ae2c650c-600b-4c58-893b-7fd73d44af47,TCGA-43-A474-01Z-00-DX1.9BCC325D-875A-4285-85E9-2EA550A10949,"Squamous cell carcinoma, NOS"
aecd6689-f203-4519-afab-3f46ee9d3e2c,TCGA-37-A5EL-01Z-00-DX1.DFD49A5B-27F6-407E-8ADA-54EDACAA0788,"Squamous cell carcinoma, NOS"
af1d9d69-0a45-4ad3-9873-57fbe4a4b895,TCGA-18-3414-01Z-00-DX1.B76AF657-7A93-4F33-BC1A-2E8BF652FC17,"Squamous cell carcinoma, NOS"
b0818bee-c32c-405c-ba09-956091fbe09b,TCGA-43-6771-01Z-00-DX1.445d4d3f-6a28-4ea7-b7ab-612366c7bb4b,"Squamous cell carcinoma, NOS"
b162b3bf-8097-4466-b08f-6434f541038f,TCGA-22-5483-01Z-00-DX1.79EF4B70-4703-4FF1-81CA-20014A932437,"Squamous cell carcinoma, NOS"
b4ff0f49-b787-48ec-91cc-ee26786ff1bf,TCGA-33-4533-01Z-00-DX1.ee36717d-0571-40b3-8ab5-5465d2cca920,"Squamous cell carcinoma, NOS"
b80ea411-c8ca-4414-ad1b-82af11df11c2,TCGA-22-5481-01Z-00-DX1.6BB77BD0-92FF-43FF-A86C-9EF41B2921DA,"Squamous cell carcinoma, NOS"
b86b1616-20a2-4300-8daa-03dcc9938215,TCGA-44-7659-01Z-00-DX1.818bf5b3-b4c1-4d23-a6ae-98d5015eb8c1,"Adenocarcinoma, NOS"
b9a81947-0348-4fe6-a0ac-d674cd13aa99,TCGA-21-1080-01Z-00-DX1.7afa55df-e460-406e-ae9a-43ac4a71d0b0,"Squamous cell carcinoma, NOS"
b9fc1fcf-17dc-496c-a072-7664382bc9bb,TCGA-33-AASL-01Z-00-DX1.B6BE8062-EFB3-4615-8F9A-52E2C6D4617F,"Squamous cell carcinoma, NOS"
ba10f90b-66e1-44cd-b6c0-08c448a9d688,TCGA-39-5035-01Z-00-DX1.ad5d9143-f194-4cef-9a13-03190cf97ccf,"Squamous cell carcinoma, NOS"
ba7b9b84-c227-4ad0-9e71-88ee3309162c,TCGA-43-A475-01Z-00-DX1.48694B33-6070-4D6E-9CE4-BDEF072500A1,"Squamous cell carcinoma, NOS"
bab43415-d413-40be-a4c0-2c40a52afe6a,TCGA-44-2668-01Z-00-DX1.f66fa464-dad1-4a9f-8486-3d7579ca42b6,"Adenocarcinoma, NOS"
bb2a7057-6df5-4eb9-ad0f-9ac47314889e,TCGA-43-A56V-01Z-00-DX1.AA93FE03-FA7D-42C4-A118-B98C2400D9DA,"Squamous cell carcinoma, NOS"
bd15f523-45c4-4d7c-a3cc-4fb56abb0e54,TCGA-22-5477-01Z-00-DX1.D4CA03F8-FFA8-4926-B93C-EBFDC6791B1F,"Squamous cell carcinoma, NOS"
bd3bf142-7c14-4538-8a76-3c6e140fa01a,TCGA-22-5472-01Z-00-DX1.1E2A1D5E-C7D3-449E-910F-1199A396804C,"Squamous cell carcinoma, NOS"
bd4e9a9f-17f3-4d33-92fc-fcc45dd0e7b4,TCGA-49-4487-01Z-00-DX1.3a3a0720-463c-430e-849b-e2f8991bdfa5,"Adenocarcinoma, NOS"
be5dcf02-8097-4a97-af32-6a9b02c079d3,TCGA-39-5034-01Z-00-DX1.fb4191aa-07dc-4615-ac71-b9e4c67ed28b,"Squamous cell carcinoma, NOS"
bece6b8e-5d6c-4dd6-85a3-9b3a9c670aa7,TCGA-22-5471-01Z-00-DX1.AACEB098-E9B8-4A2B-905E-7D66BE962922,"Squamous cell carcinoma, NOS"
bef26f5e-a17e-49b7-8eb4-2bc079983764,TCGA-34-7107-01Z-00-DX1.c72202e6-740d-4891-945c-f360f7c56bc9,"Squamous cell carcinoma, NOS"
bf15f7ad-9d92-473b-91d1-f24aa373ab97,TCGA-44-2659-01Z-00-DX1.b33f40e6-bc18-48b0-8dad-bdb0a6a200b5,"Adenocarcinoma, NOS"
bf34664d-423d-4257-99d4-797f7d366455,TCGA-44-A4SU-01Z-00-DX1.AE2607C1-B208-4557-ADB4-6AAF03C6D3A9,"Adenocarcinoma, NOS"
c2a1de2e-6451-4c95-8ce6-263f2b7e6eff,TCGA-44-6776-01Z-00-DX1.551e200f-5f40-4b95-8b2f-7c6000a21be0,"Adenocarcinoma, NOS"
c6d78e27-e510-4f57-abae-19efa6105a8d,TCGA-49-4494-01Z-00-DX1.2bf10e85-465a-4b17-abd7-3565f0e538a5,"Adenocarcinoma, NOS"
c70a5975-c37b-47cc-9113-427a754807d8,TCGA-33-4538-01Z-00-DX1.efde88cb-4766-4fb6-bed9-52b14059c7c1,"Squamous cell carcinoma, NOS"
c8802713-b814-4b55-993f-3ffebf8c3ab8,TCGA-18-3412-01Z-00-DX1.699A17A5-356B-42F8-815A-5DBD60293242,"Squamous cell carcinoma, NOS"
cb6065de-0fc2-40e6-9609-179dfc54943f,TCGA-33-6738-01Z-00-DX1.d688fae9-4daf-4b6e-b907-fb55e3983d62,"Squamous cell carcinoma, NOS"
cbbea9f1-396a-4bf3-b67c-2cac3394dceb,TCGA-44-6779-01Z-00-DX1.40f10ad8-55f3-4043-a89b-37d33a26dd8c,"Adenocarcinoma, NOS"
cbfef004-b437-4d51-9d88-a2db50aa6481,TCGA-44-7661-01Z-00-DX1.baf72abd-edb9-4f56-beb3-f5138aa50930,"Adenocarcinoma, NOS"
cc4bd56a-25c5-4c48-b583-ac3aeb778ca6,TCGA-38-4628-01Z-00-DX1.eee4f100-142f-4d9c-8e38-b16aab123413,"Adenocarcinoma, NOS"
ccda26c1-a6d6-4317-8cf8-8a87e15ce12e,TCGA-44-2662-01Z-00-DX1.398f3f84-fd48-4454-b789-a3e90cd36d73,"Adenocarcinoma, NOS"
ce8612ab-3149-4a6a-b424-29c0c21c9b8b,TCGA-43-3394-01Z-00-DX1.4c2f49b9-9dac-41d8-a62b-64c8928caa3c,"Squamous cell carcinoma, NOS"
cee6e9f6-6d7e-4096-a9bc-2cce004fb218,TCGA-34-2604-01Z-00-DX1.C04E4FF6-6E62-432D-AD1E-D0AACAA66875,"Squamous cell carcinoma, NOS"
d00d93d5-8d6b-4e5b-816c-f3d726d65d3d,TCGA-37-A5EN-01Z-00-DX1.C389C26A-2B88-4DCA-9B32-FEECDFFC35A6,"Squamous cell carcinoma, NOS"
d04bf59d-3429-4641-9f9e-81d8cde15295,TCGA-34-5232-01Z-00-DX1.7483c36b-8473-439b-a726-2821ec834fc2,"Squamous cell carcinoma, NOS"
d11c4976-ba19-4616-be79-d1e321c26d07,TCGA-21-5787-01Z-00-DX1.FEE037E3-B9B0-4C2E-97EF-D6E4F64E1DF9,"Squamous cell carcinoma, NOS"
d38dbe20-bd5a-45d5-8db3-d5f777b454b6,TCGA-46-3769-01Z-00-DX1.97260244-fe08-42da-b5db-80da7f7d8766,"Squamous cell carcinoma, NOS"
d4608593-20cb-4b53-b037-39aa8ddd05b7,TCGA-22-4596-01Z-00-DX1.0B754257-5EBB-4ABF-A847-7EFA71C7D9E7,"Squamous cell carcinoma, NOS"
d4bc755a-2585-4529-ae36-7e1d88bdecfe,TCGA-18-3408-01Z-00-DX1.B4AFC08A-7460-4EE6-B033-629C6A6CA6E8,"Squamous cell carcinoma, NOS"
d717fa33-3c91-4ced-89c6-79ff5542f04c,TCGA-38-4627-01Z-00-DX1.fe406eb9-b38b-410d-aa1a-84ab8ac091c7,"Adenocarcinoma, NOS"
d721bfe0-90e3-415e-b9f3-1a270efa5fbb,TCGA-49-4488-01Z-00-DX1.c9beef33-2d53-4fcb-8293-f083d9fedddc,"Adenocarcinoma, NOS"
d87e30a3-1b5a-41cf-bafe-27914a01c8d9,TCGA-21-1071-01Z-00-DX1.a9bba825-1c92-4101-9086-c4d1c91117af,"Squamous cell carcinoma, NOS"
d9b6a10e-ab02-47d9-a6c2-bb0c80238d29,TCGA-39-5028-01Z-00-DX1.7994ec22-746d-4c30-8138-e6c9bc67c71f,"Squamous cell carcinoma, NOS"
da345947-498b-4272-a231-a987ed4fe151,TCGA-44-A47G-01Z-00-DX1.810F67EC-3A0C-4056-B736-3331A11412CC,"Adenocarcinoma, NOS"
da61857a-b00e-4a19-ab02-8fbb2ee56bea,TCGA-34-2600-01Z-00-DX1.CDCAAE91-3056-4952-B988-00F3722B520B,"Squamous cell carcinoma, NOS"
dbece124-c042-4adc-8136-90e7940ee6ad,TCGA-43-7657-01Z-00-DX1.d8a5d257-c5ca-4192-b6a7-4698b8390fca,"Squamous cell carcinoma, NOS"
dd5e3a1e-2adf-4eee-ac6b-c6efad97724a,TCGA-22-5482-01Z-00-DX1.901F90D4-1F4E-4344-925B-37B7DD78B751,"Squamous cell carcinoma, NOS"
dd7eda40-9aae-46b2-914e-788b76b43087,TCGA-39-5027-01Z-00-DX1.54a3e035-7178-4786-870b-1f6adfb82331,"Squamous cell carcinoma, NOS"
ddeacccf-0953-4952-8a4e-c2617f2e7bcc,TCGA-44-5645-01Z-00-DX1.8b0d89d7-7849-49a6-a2f5-a8faf2c5aab4,"Adenocarcinoma, NOS"
df6a7005-92ed-4701-bd59-7b5f09715f9d,TCGA-22-5489-01Z-00-DX1.0518AF53-5642-40FB-A631-4C50D7707C8F,"Squamous cell carcinoma, NOS"
df7c9193-0bd2-4fd9-8ae1-1f9d341e92c5,TCGA-22-0944-01Z-00-DX1.3DC7624F-2D59-40D5-9E1F-95FCCD80D0C4,"Squamous cell carcinoma, NOS"
e16ca88f-488b-40f0-9169-e5a62482a2ff,TCGA-44-2666-01Z-00-DX1.f81a89cf-6033-47ea-9a43-290a5d6a28c1,"Adenocarcinoma, NOS"
e21964b8-47c7-4a5f-bfa7-7206222883d2,TCGA-21-5782-01Z-00-DX1.E0C856C0-9055-4437-9393-695D699E4F57,"Squamous cell carcinoma, NOS"
e28cbc9a-aa60-4bfb-8d89-8c33ee97f560,TCGA-18-3417-01Z-00-DX1.B424DA03-9007-4FD0-9A92-BCB40319711C,"Squamous cell carcinoma, NOS"
e5e4ead7-f2d8-4d72-aedc-393ee002a081,TCGA-22-4599-01Z-00-DX1.2178D5C0-A444-44F5-B878-F5D1FB2943C9,"Squamous cell carcinoma, NOS"
e7020168-1afe-4361-800a-8979aafca12a,TCGA-39-5021-01Z-00-DX1.4d22d3ca-cb06-43d0-aba7-583f1d706105,"Squamous cell carcinoma, NOS"
e8b7a103-644f-4865-92f8-80b053bd5e17,TCGA-35-3615-01Z-00-DX1.585128eb-6652-4b05-9a83-dc8f242904a6,"Adenocarcinoma, NOS"
e8bc2eea-dc6e-420b-abe8-e36989e75df8,TCGA-46-6026-01Z-00-DX1.e0248ea6-ae04-4960-95a8-f39b8e168a38,"Squamous cell carcinoma, NOS"
ea34663c-f40e-4a3e-9ac0-65d5e9eef12b,TCGA-34-5929-01Z-00-DX1.a461aed7-0ba9-44dc-8f5b-941cb57aa855,"Squamous cell carcinoma, NOS"
ec10dc91-2743-4e0c-af77-2f0105bf6a9e,TCGA-46-3765-01Z-00-DX1.f45e4e30-e60c-40e5-a0b7-4513c0c37fda,"Squamous cell carcinoma, NOS"
ec260f86-7186-4bf2-9de9-320b4ca155a4,TCGA-46-3766-01Z-00-DX1.5870b2ed-78f0-4f68-b01e-2ef6d5353b57,"Squamous cell carcinoma, NOS"
eca4bfa2-5ba5-4708-959a-d901c1b61edd,TCGA-39-5040-01Z-00-DX1.F314DFF3-AEBE-4171-8F04-5D2A61FDE208,"Squamous cell carcinoma, NOS"
edf80622-aea2-4b50-bb69-691d6708aa83,TCGA-38-6178-01Z-00-DX1.5932337D-BA2B-455D-9E34-22961EFA2170,"Adenocarcinoma, NOS"
eea9575a-c842-4a95-9e47-3a3b12533f25,TCGA-22-5473-01Z-00-DX1.C452FE31-443B-43AE-A5FA-451DF0127F8F,"Squamous cell carcinoma, NOS"
ef6116ce-ae38-488c-b3cc-0e88ba0f1876,TCGA-33-AASD-01Z-00-DX1.DAB3D05A-A6CE-47D1-90B6-79EBABAC3454,"Squamous cell carcinoma, NOS"
f1a1bbf9-4751-4fb4-8a2b-19f8d4ba57bd,TCGA-18-3411-01Z-00-DX1.D9228674-5B13-44CB-A7AE-C64FD97A3BBB,"Squamous cell carcinoma, NOS"
f3501466-cf32-4866-b5fb-e94dd32341bc,TCGA-44-2661-01Z-00-DX1.20cfa0f8-e3ca-4c26-9dfe-b9d416cd94b1,"Adenocarcinoma, NOS"
f400b427-954a-4f8a-a885-222e3e4c28ab,TCGA-33-AASJ-01Z-00-DX1.0201CE2A-4DE6-4B4E-A010-37D773207F52,"Squamous cell carcinoma, NOS"
f40301ba-831e-4afd-9ce8-5f3c1a05ff7e,TCGA-44-2657-01Z-00-DX1.b7f608bd-2381-40a2-a757-ca4648a7de8a,"Adenocarcinoma, NOS"
f516991c-5139-4b3e-b605-5a3d90688209,TCGA-21-1077-01Z-00-DX1.e7d0d3ca-b24c-4b2b-bb8f-13cc6991fb78,"Squamous cell carcinoma, NOS"
f5ad138c-1714-41e9-9c2d-c88050bec407,TCGA-43-5668-01Z-00-DX1.0d024872-fbcc-4e91-948b-acc96a00d5eb,"Squamous cell carcinoma, NOS"
f61d599a-43bd-4743-9568-678317e75955,TCGA-44-A47F-01Z-00-DX1.C1EC3F2D-33C8-483B-9DDA-2F01B5FED618,"Adenocarcinoma, NOS"
f728a4d9-53d4-43a5-abc1-4016d388efa8,TCGA-33-4583-01Z-00-DX1.c5e3071e-a941-46db-a987-74a059ee6d69,"Squamous cell carcinoma, NOS"
f934ed41-090e-4313-bbc5-d1a4a9ed9ad7,TCGA-44-A4SS-01Z-00-DX1.F3D85B63-D963-42D2-815F-CB9D791A0F7B,"Adenocarcinoma, NOS"
f98ecd8a-b878-4f53-b911-20cd8e17281c,TCGA-05-4250-01Z-00-DX1.90f67fdf-dff9-46ca-af71-0978d7c221ba,"Adenocarcinoma, NOS"
fad202a4-11f2-467c-8311-aca60cecf16b,TCGA-33-4566-01Z-00-DX1.C256546D-D3EC-41DA-9681-06BA4B011DD2,"Squamous cell carcinoma, NOS"
fadd20a1-90ca-4d99-a128-9730d02a7bd6,TCGA-22-5479-01Z-00-DX1.3DCD4654-459D-4046-87C3-E59C61A1E7FA,"Squamous cell carcinoma, NOS"
fb79c491-7b01-42ae-8369-8364e442e31b,TCGA-44-2665-01Z-00-DX1.d429e37e-3915-4da6-b5bc-bf2f09f4fbf7,"Adenocarcinoma, NOS"
fd881d58-c9c7-479b-b76b-1f3c2ab1b015,TCGA-37-3789-01Z-00-DX1.d7a4923e-988e-45e9-a64e-30c983740614,"Squamous cell carcinoma, NOS"
fde60f9f-5cff-405e-b0f6-e193195ebd53,TCGA-21-1075-01Z-00-DX1.937872ae-4d6f-4d7a-b54f-b7e797cb84b0,"Squamous cell carcinoma, NOS"
ffb0c0b7-165e-4439-b3e6-62431f40b7fe,TCGA-44-3398-01Z-00-DX1.74757c91-a0c6-4e7f-b2db-8748c68ffa44,"Adenocarcinoma, NOS"
ffb83f21-06d9-4e52-a2d0-e85c13f4037f,TCGA-39-5039-01Z-00-DX1.29f1281d-93d7-4499-bfce-19eeeb1870a4,"Squamous cell carcinoma, NOS"
