WSI,gt_label,n_patches,n_correct,patch_acc,n_tumor_region_patches,n_tumor_region_correct,n_surround_region_patches,n_surround_region_correct
normal_001,Normal,1031,1031,1.0,0,,,
normal_002,Normal,1751,1751,1.0,0,,,
normal_003,Normal,1626,1626,1.0,0,,,
normal_004,Normal,769,769,1.0,0,,,
normal_005,Normal,1867,1867,1.0,0,,,
normal_006,Normal,1466,1466,1.0,0,,,
normal_007,Normal,1772,1769,0.9983069977426636,0,,,
normal_008,Normal,2175,2175,1.0,0,,,
normal_009,Normal,2840,2840,1.0,0,,,
normal_010,Normal,1990,1989,0.9994974874371859,0,,,
normal_011,Normal,5190,5185,0.9990366088631984,0,,,
normal_012,Normal,1382,1381,0.9992764109985528,0,,,
normal_013,Normal,1038,1038,1.0,0,,,
normal_014,Normal,1956,1956,1.0,0,,,
normal_015,Normal,3226,3224,0.9993800371977681,0,,,
normal_016,Normal,629,629,1.0,0,,,
normal_017,Normal,164,163,0.9939024390243902,0,,,
normal_018,Normal,2233,2233,1.0,0,,,
normal_019,Normal,241,241,1.0,0,,,
normal_020,Normal,519,519,1.0,0,,,
normal_021,Normal,352,352,1.0,0,,,
normal_022,Normal,3470,3465,0.9985590778097982,0,,,
normal_023,Normal,1728,1728,1.0,0,,,
normal_024,Normal,6939,6937,0.9997117740308402,0,,,
normal_025,Normal,3813,3809,0.998950957251508,0,,,
normal_026,Normal,5840,5838,0.9996575342465753,0,,,
normal_027,Normal,695,695,1.0,0,,,
normal_028,Normal,2013,2011,0.9990064580228515,0,,,
normal_029,Normal,1588,1585,0.9981108312342569,0,,,
normal_030,Normal,2712,2708,0.9985250737463127,0,,,
normal_031,Normal,5012,5004,0.9984038308060654,0,,,
normal_032,Normal,2670,2601,0.9741573033707865,0,,,
normal_033,Normal,4687,4684,0.9993599317260508,0,,,
normal_034,Normal,5117,5097,0.9960914598397499,0,,,
normal_035,Normal,1976,1972,0.9979757085020243,0,,,
normal_036,Normal,2037,2010,0.9867452135493373,0,,,
normal_037,Normal,2951,2948,0.9989833954591664,0,,,
normal_038,Normal,1136,1136,1.0,0,,,
normal_039,Normal,2804,2802,0.9992867332382311,0,,,
normal_040,Normal,5170,5154,0.9969052224371373,0,,,
normal_041,Normal,3328,3328,1.0,0,,,
normal_042,Normal,111,111,1.0,0,,,
normal_043,Normal,2093,2092,0.9995222169135213,0,,,
normal_044,Normal,3976,3976,1.0,0,,,
normal_045,Normal,1977,1977,1.0,0,,,
normal_046,Normal,1221,1206,0.9877149877149877,0,,,
normal_047,Normal,2140,2130,0.9953271028037384,0,,,
normal_048,Normal,1261,1261,1.0,0,,,
normal_049,Normal,1810,1783,0.9850828729281768,0,,,
normal_050,Normal,4744,4670,0.9844013490725126,0,,,
normal_051,Normal,3083,3082,0.9996756406097956,0,,,
normal_052,Normal,5367,5364,0.9994410285075461,0,,,
normal_053,Normal,4188,4151,0.9911652340019103,0,,,
normal_054,Normal,946,946,1.0,0,,,
normal_055,Normal,2503,2462,0.9836196564123052,0,,,
normal_056,Normal,2355,2353,0.9991507430997877,0,,,
normal_057,Normal,1618,1606,0.992583436341162,0,,,
normal_058,Normal,2729,2710,0.9930377427629168,0,,,
normal_059,Normal,3074,3074,1.0,0,,,
normal_060,Normal,551,529,0.9600725952813067,0,,,
normal_061,Normal,4534,4532,0.9995588883987648,0,,,
normal_062,Normal,1192,1189,0.99748322147651,0,,,
normal_063,Normal,1732,1628,0.9399538106235565,0,,,
normal_064,Normal,6348,6312,0.994328922495274,0,,,
normal_065,Normal,1839,1839,1.0,0,,,
normal_066,Normal,7677,7665,0.9984368894099257,0,,,
normal_067,Normal,5001,5001,1.0,0,,,
normal_068,Normal,4950,4949,0.9997979797979798,0,,,
normal_069,Normal,3256,3256,1.0,0,,,
normal_070,Normal,5671,5663,0.9985893140539588,0,,,
normal_071,Normal,2805,2799,0.9978609625668449,0,,,
normal_072,Normal,6486,6485,0.9998458217699661,0,,,
normal_073,Normal,2469,2469,1.0,0,,,
normal_074,Normal,3589,3580,0.9974923376985233,0,,,
normal_075,Normal,3192,3189,0.9990601503759399,0,,,
normal_076,Normal,6747,6724,0.996591077515933,0,,,
normal_077,Normal,2996,2991,0.9983311081441922,0,,,
normal_078,Normal,2318,2318,1.0,0,,,
normal_079,Normal,4930,4902,0.9943204868154158,0,,,
normal_080,Normal,5838,5835,0.9994861253854059,0,,,
normal_081,Normal,6180,6176,0.9993527508090615,0,,,
normal_082,Normal,4113,4070,0.9895453440311208,0,,,
normal_083,Normal,1419,1417,0.9985905567300916,0,,,
normal_084,Normal,1460,1460,1.0,0,,,
normal_085,Normal,2073,2070,0.9985528219971056,0,,,
normal_087,Normal,4701,4588,0.9759625611572006,0,,,
normal_088,Normal,4086,4025,0.9850709740577582,0,,,
normal_089,Normal,6788,6785,0.9995580436063641,0,,,
normal_090,Normal,4036,4001,0.9913280475718533,0,,,
normal_091,Normal,7723,7709,0.9981872329405671,0,,,
normal_092,Normal,3875,3874,0.9997419354838709,0,,,
normal_093,Normal,4257,4256,0.9997650927883486,0,,,
normal_094,Normal,4819,4812,0.9985474164764474,0,,,
normal_095,Normal,4770,4745,0.9947589098532494,0,,,
normal_096,Normal,4222,4163,0.9860255802936997,0,,,
normal_097,Normal,3771,3752,0.9949615486608326,0,,,
normal_098,Normal,1167,1159,0.9931448157669237,0,,,
normal_099,Normal,4534,4525,0.998014997794442,0,,,
normal_100,Normal,2524,2480,0.9825673534072901,0,,,
normal_101,Normal,3388,3330,0.9828807556080283,0,,,
normal_102,Normal,3775,3770,0.9986754966887417,0,,,
normal_103,Normal,3288,3277,0.996654501216545,0,,,
normal_104,Normal,6413,6370,0.9932948697957275,0,,,
normal_105,Normal,3681,3674,0.9980983428416191,0,,,
normal_106,Normal,4413,4411,0.9995467935644686,0,,,
normal_107,Normal,3253,3205,0.9852443897940363,0,,,
normal_108,Normal,1134,1132,0.9982363315696648,0,,,
normal_109,Normal,4619,4586,0.992855596449448,0,,,
normal_110,Normal,6396,6394,0.9996873045653534,0,,,
normal_111,Normal,8086,8080,0.9992579767499382,0,,,
normal_112,Normal,5199,5191,0.9984612425466436,0,,,
normal_113,Normal,4742,4739,0.9993673555461831,0,,,
normal_114,Normal,7264,7189,0.9896751101321586,0,,,
normal_115,Normal,4807,4807,1.0,0,,,
normal_116,Normal,3354,3353,0.9997018485390579,0,,,
normal_117,Normal,3109,2769,0.8906400771952396,0,,,
normal_118,Normal,3506,3471,0.9900171135196806,0,,,
normal_119,Normal,4084,4080,0.9990205680705191,0,,,
normal_120,Normal,5866,5838,0.9952267303102625,0,,,
normal_121,Normal,6144,6139,0.9991861979166666,0,,,
normal_122,Normal,5179,5172,0.998648387719637,0,,,
normal_123,Normal,4165,4146,0.995438175270108,0,,,
normal_124,Normal,4803,4735,0.9858421819696024,0,,,
normal_125,Normal,7745,7731,0.998192382182053,0,,,
normal_126,Normal,3865,3857,0.9979301423027167,0,,,
normal_127,Normal,7785,7785,1.0,0,,,
normal_128,Normal,2504,2480,0.9904153354632588,0,,,
normal_129,Normal,8820,8779,0.9953514739229025,0,,,
normal_130,Normal,3981,3935,0.9884451142928913,0,,,
normal_131,Normal,5116,5112,0.9992181391712275,0,,,
normal_132,Normal,7450,7449,0.9998657718120806,0,,,
normal_133,Normal,5039,5033,0.998809287557055,0,,,
normal_134,Normal,2863,2863,1.0,0,,,
normal_135,Normal,4567,4553,0.9969345303262536,0,,,
normal_136,Normal,4642,4628,0.996984058595433,0,,,
normal_137,Normal,6522,6488,0.994786875191659,0,,,
normal_138,Normal,6925,6925,1.0,0,,,
normal_139,Normal,7630,7619,0.9985583224115334,0,,,
normal_140,Normal,6233,6232,0.9998395636130274,0,,,
normal_141,Normal,3285,3285,1.0,0,,,
normal_142,Normal,7008,7007,0.999857305936073,0,,,
normal_143,Normal,4000,3996,0.999,0,,,
normal_144,Normal,2998,2942,0.981320880587058,0,,,
normal_145,Normal,7279,7247,0.9956037917296332,0,,,
normal_146,Normal,3821,3796,0.9934572101544098,0,,,
normal_147,Normal,5452,5385,0.9877109317681585,0,,,
normal_148,Normal,3597,3596,0.9997219905476786,0,,,
normal_149,Normal,6428,6415,0.9979775980087119,0,,,
normal_150,Normal,1358,1358,1.0,0,,,
normal_151,Normal,3800,3776,0.9936842105263158,0,,,
normal_152,Normal,3680,3639,0.9888586956521739,0,,,
normal_153,Normal,2214,2202,0.994579945799458,0,,,
normal_154,Normal,4015,3965,0.987546699875467,0,,,
normal_155,Normal,1988,1985,0.9984909456740443,0,,,
normal_156,Normal,2892,2887,0.9982710926694329,0,,,
normal_157,Normal,3549,3456,0.9737954353338969,0,,,
normal_158,Normal,4039,4010,0.9928200049517207,0,,,
normal_159,Normal,5125,5123,0.999609756097561,0,,,
normal_160,Normal,6060,6040,0.9966996699669967,0,,,
tumor_001,Tumor,6500,6481,0.9970769230769231,11,1.0,6489.0,0.9970719679457544
tumor_002,Tumor,2661,2656,0.9981210071401728,1,0.0,2660.0,0.9984962406015038
tumor_003,Tumor,3147,3140,0.9977756593581188,7,0.8571428571428571,3140.0,0.9980891719745223
tumor_004,Tumor,4196,4169,0.9935653002859867,28,0.14285714285714285,4168.0,0.9992802303262955
tumor_005,Tumor,1277,1273,0.9968676585747847,3,0.0,1274.0,0.9992150706436421
tumor_006,Tumor,5606,5601,0.9991080984659294,2,1.0,5604.0,0.9991077801570307
tumor_007,Tumor,2948,2939,0.9969470827679783,3,0.6666666666666666,2945.0,0.997283531409168
tumor_008,Tumor,4376,4328,0.9890310786106032,0,,4376.0,0.9890310786106032
tumor_009,Tumor,4838,4732,0.9780901198842497,804,0.9092039800995025,4034.0,0.9918195339613287
tumor_010,Tumor,3687,3686,0.9997287767832926,0,,3687.0,0.9997287767832926
tumor_011,Tumor,4050,3972,0.9807407407407407,199,0.8994974874371859,3851.0,0.9849389768891197
tumor_012,Tumor,1835,1832,0.9983651226158038,1,0.0,1834.0,0.9989094874591058
tumor_013,Tumor,3250,3220,0.9907692307692307,10,0.3,3240.0,0.9929012345679012
tumor_014,Tumor,4066,4044,0.9945892769306444,68,0.9264705882352942,3998.0,0.9957478739369685
tumor_015,Tumor,6408,6296,0.982521847690387,11,1.0,6397.0,0.9824917930279818
tumor_016,Tumor,1593,1505,0.9447583176396736,151,0.9205298013245033,1442.0,0.9472954230235784
tumor_017,Tumor,5327,5326,0.9998122770790313,0,,5327.0,0.9998122770790313
tumor_018,Tumor,4708,4604,0.9779099405267629,46,0.782608695652174,4662.0,0.9798369798369798
tumor_019,Tumor,1549,1542,0.9954809554551324,4,1.0,1545.0,0.9954692556634305
tumor_020,Tumor,5701,5259,0.9224697421504999,79,0.9367088607594937,5622.0,0.9222696549270722
tumor_021,Tumor,4601,4535,0.9856552923277548,29,0.7931034482758621,4572.0,0.9868766404199475
tumor_022,Tumor,4007,3969,0.9905165959570751,4,1.0,4003.0,0.9905071196602548
tumor_023,Tumor,2000,1995,0.9975,1,0.0,1999.0,0.9979989994997499
tumor_024,Tumor,4175,4155,0.9952095808383233,1,1.0,4174.0,0.9952084331576425
tumor_025,Tumor,3469,3433,0.9896223695589507,78,0.9102564102564102,3391.0,0.9914479504570923
tumor_026,Tumor,6996,6789,0.9704116638078902,769,0.8972691807542262,6227.0,0.9794443552272363
tumor_027,Tumor,4473,4445,0.9937402190923318,2,1.0,4471.0,0.9937374189219415
tumor_028,Tumor,5762,5740,0.9961818812912183,2,0.5,5760.0,0.9963541666666667
tumor_029,Tumor,5186,4871,0.939259544928654,49,0.9795918367346939,5137.0,0.9388748296671209
tumor_030,Tumor,4767,4766,0.999790224459828,0,,4767.0,0.999790224459828
tumor_031,Tumor,1379,1295,0.9390862944162437,113,0.9734513274336283,1266.0,0.9360189573459715
tumor_032,Tumor,4739,4728,0.997678835197299,4,1.0,4735.0,0.9976768743400212
tumor_033,Tumor,5329,4686,0.8793394633139425,105,1.0,5224.0,0.8769142419601837
tumor_034,Tumor,1896,1832,0.9662447257383966,79,0.5949367088607594,1817.0,0.9823885525591635
tumor_035,Tumor,1970,1969,0.999492385786802,1,0.0,1969.0,1.0
tumor_036,Tumor,4936,4873,0.9872366288492707,78,0.6538461538461539,4858.0,0.9925895430218197
tumor_037,Tumor,5748,5702,0.9919972164231037,31,0.8064516129032258,5717.0,0.9930033234213749
tumor_038,Tumor,1226,1205,0.9828711256117455,38,0.9473684210526315,1188.0,0.984006734006734
tumor_039,Tumor,3440,3377,0.9816860465116279,196,0.7959183673469388,3244.0,0.9929099876695437
tumor_040,Tumor,4702,4592,0.9766056997022544,1,0.0,4701.0,0.9768134439480961
tumor_041,Tumor,4393,4379,0.996813111768723,2,1.0,4391.0,0.9968116602140742
tumor_042,Tumor,4916,4903,0.9973555736371034,41,0.8536585365853658,4875.0,0.9985641025641026
tumor_043,Tumor,1240,1238,0.9983870967741936,0,,1240.0,0.9983870967741936
tumor_044,Tumor,3697,3451,0.9334595618068704,1022,0.8189823874755382,2675.0,0.9771962616822429
tumor_045,Tumor,4292,4277,0.9965051258154707,12,0.6666666666666666,4280.0,0.9974299065420561
tumor_046,Tumor,5755,4676,0.8125108601216333,820,0.8707317073170732,4935.0,0.8028368794326242
tumor_047,Tumor,4345,4202,0.9670886075949368,570,0.980701754385965,3775.0,0.9650331125827815
tumor_048,Tumor,5288,5281,0.9986762481089259,2,0.5,5286.0,0.9988649262202043
tumor_049,Tumor,3334,3329,0.998500299940012,3,0.3333333333333333,3331.0,0.999099369558691
tumor_050,Tumor,4490,4486,0.9991091314031181,7,0.7142857142857143,4483.0,0.9995538701762213
tumor_051,Tumor,5139,5058,0.9842381786339754,88,0.8863636363636364,5051.0,0.9859433775490002
tumor_052,Tumor,3436,3402,0.990104772991851,49,0.9387755102040817,3387.0,0.9908473575435489
tumor_053,Tumor,3174,3144,0.9905482041587902,1,1.0,3173.0,0.9905452253387961
tumor_054,Tumor,5797,4266,0.7358978782128687,1446,0.4785615491009682,4351.0,0.8214203631349115
tumor_055,Tumor,2433,2171,0.8923140156185779,274,0.9817518248175182,2159.0,0.8809634089856415
tumor_056,Tumor,3870,3841,0.9925064599483204,33,0.7878787878787878,3837.0,0.9942663539223352
tumor_057,Tumor,2348,2345,0.9987223168654173,2,0.0,2346.0,0.9995737425404945
tumor_058,Tumor,1553,1520,0.978750804893754,335,0.9731343283582089,1218.0,0.9802955665024631
tumor_059,Tumor,1145,1143,0.9982532751091703,1,0.0,1144.0,0.9991258741258742
tumor_060,Tumor,2203,2199,0.9981842941443486,0,,2203.0,0.9981842941443486
tumor_061,Tumor,3877,3736,0.9636316739747227,99,0.36363636363636365,3778.0,0.9793541556379036
tumor_062,Tumor,3604,3591,0.996392896781354,31,1.0,3573.0,0.9963616008956059
tumor_063,Tumor,7539,7531,0.9989388513065394,1,0.0,7538.0,0.9990713717166357
tumor_064,Tumor,3216,3148,0.9788557213930348,131,0.648854961832061,3085.0,0.9928687196110211
tumor_065,Tumor,2054,2053,0.9995131450827653,2,0.5,2052.0,1.0
tumor_066,Tumor,5977,5974,0.9994980759578384,0,,5977.0,0.9994980759578384
tumor_067,Tumor,1805,1802,0.9983379501385041,0,,1805.0,0.9983379501385041
tumor_068,Tumor,4719,4632,0.9815638906547998,233,0.9656652360515021,4486.0,0.9823896567097637
tumor_069,Tumor,3099,3091,0.9974185221039045,8,0.5,3091.0,0.9987059204141054
tumor_070,Tumor,3706,3705,0.9997301672962763,1,1.0,3705.0,0.9997300944669366
tumor_071,Tumor,4322,4286,0.9916705229060621,58,0.9827586206896551,4264.0,0.9917917448405253
tumor_072,Tumor,5670,5579,0.9839506172839506,112,0.9910714285714286,5558.0,0.9838071248650594
tumor_073,Tumor,5810,5796,0.9975903614457832,9,1.0,5801.0,0.9975866229960352
tumor_074,Tumor,5358,5256,0.9809630459126539,7,1.0,5351.0,0.9809381424032891
tumor_075,Tumor,3297,3270,0.991810737033667,47,0.48936170212765956,3250.0,0.9990769230769231
tumor_076,Tumor,5614,5442,0.9693623085144282,2237,0.9767545820295038,3377.0,0.9644655019247853
tumor_077,Tumor,5051,5019,0.993664620867155,10,0.7,5041.0,0.9942471731799246
tumor_078,Tumor,4713,4317,0.9159770846594526,936,0.9925213675213675,3777.0,0.8970082075721472
tumor_079,Tumor,4083,4014,0.9831006612784717,20,0.95,4063.0,0.9832635983263598
tumor_080,Tumor,6185,6177,0.9987065481002425,4,0.75,6181.0,0.9988674971687429
tumor_081,Tumor,3253,3251,0.9993851829080849,0,,3253.0,0.9993851829080849
tumor_082,Tumor,2713,2527,0.9314412089937338,235,0.23404255319148937,2478.0,0.9975786924939467
tumor_083,Tumor,7475,7450,0.9966555183946488,46,0.8913043478260869,7429.0,0.9973078476241756
tumor_084,Tumor,2254,2224,0.9866903283052352,33,0.9090909090909091,2221.0,0.9878433138226025
tumor_085,Tumor,2882,2771,0.9614850798056905,458,0.9323144104803494,2424.0,0.966996699669967
tumor_086,Tumor,6992,6944,0.9931350114416476,2,0.0,6990.0,0.9934191702432046
tumor_087,Tumor,3622,3615,0.9980673660960795,3,0.3333333333333333,3619.0,0.998618402873722
tumor_088,Tumor,4818,4752,0.9863013698630136,169,0.9704142011834319,4649.0,0.9868788986878899
tumor_089,Tumor,9328,8764,0.9395368782161235,1662,0.9969915764139591,7666.0,0.9270806157057135
tumor_090,Tumor,7276,7227,0.99326553051127,222,0.8828828828828829,7054.0,0.9967394386163879
tumor_091,Tumor,1336,1305,0.9767964071856288,45,0.8444444444444444,1291.0,0.981409759876065
tumor_092,Tumor,10026,9937,0.9911230799920208,20,0.5,10006.0,0.9921047371577054
tumor_093,Tumor,3318,3314,0.9987944544906571,4,0.5,3314.0,0.9993964996982498
tumor_094,Tumor,5029,4983,0.9908530522966793,58,0.7758620689655172,4971.0,0.9933614966807484
tumor_095,Tumor,9335,7504,0.8038564542046063,849,0.7220259128386337,8486.0,0.8120433655432477
tumor_096,Tumor,3779,3754,0.9933844932521831,23,0.391304347826087,3756.0,0.9970713525026624
tumor_097,Tumor,5796,5718,0.9865424430641822,1,0.0,5795.0,0.9867126833477136
tumor_098,Tumor,2900,2898,0.9993103448275862,1,0.0,2899.0,0.9996550534667127
tumor_099,Tumor,4336,4308,0.9935424354243543,15,1.0,4321.0,0.9935200185142328
tumor_100,Tumor,5877,5864,0.9977879870682321,6,1.0,5871.0,0.9977857264520524
tumor_101,Tumor,3239,3152,0.9731398579808583,188,0.9361702127659575,3051.0,0.9754178957718781
tumor_102,Tumor,9697,9304,0.9594720016499948,313,0.9616613418530351,9384.0,0.9593989769820972
tumor_103,Tumor,5105,5101,0.9992164544564153,4,0.25,5101.0,0.9998039600078416
tumor_104,Tumor,6668,6613,0.991751649670066,96,0.90625,6572.0,0.9930006086427268
tumor_105,Tumor,4335,4285,0.9884659746251442,83,0.6867469879518072,4252.0,0.9943555973659455
tumor_106,Tumor,6253,6180,0.988325603710219,61,0.8032786885245902,6192.0,0.9901485788113695
tumor_107,Tumor,3480,3445,0.9899425287356322,4,0.75,3476.0,0.9902186421173763
tumor_108,Tumor,6498,6444,0.9916897506925207,62,0.9354838709677419,6436.0,0.9922311995027968
tumor_109,Tumor,4834,4797,0.9923458833264377,108,0.9629629629629629,4726.0,0.9930173508252221
tumor_110,Tumor,3300,3138,0.9509090909090909,1013,0.9723593287265548,2287.0,0.9414079580236118
tumor_111,Tumor,4328,4323,0.9988447319778189,9,0.7777777777777778,4319.0,0.9993053947673073
test_001,Tumor,4300,4119,0.957906976744186,98,0.9795918367346939,4202.0,0.9574012375059495
test_002,Tumor,3499,3465,0.9902829379822806,36,0.8055555555555556,3463.0,0.9922032919434016
test_003,Normal,3363,3360,0.9991079393398751,0,,,
test_004,Tumor,5481,5412,0.9874110563765737,0,,5481.0,0.9874110563765737
test_005,Normal,2185,2173,0.994508009153318,0,,,
test_006,Normal,4088,3989,0.9757827788649707,0,,,
test_007,Normal,3660,3658,0.9994535519125683,0,,,
test_008,Tumor,6575,6546,0.9955893536121673,1,1.0,6574.0,0.9955886826893824
test_009,Normal,4241,4240,0.9997642065550578,0,,,
test_010,Tumor,4539,4535,0.9991187486230447,1,1.0,4538.0,0.999118554429264
test_011,Tumor,5632,5631,0.9998224431818182,0,,5632.0,0.9998224431818182
test_012,Normal,5990,5989,0.9998330550918197,0,,,
test_013,Tumor,1230,1228,0.9983739837398374,1,0.0,1229.0,0.9991863303498779
test_014,Normal,6692,6692,1.0,0,,,
test_015,Normal,1029,1017,0.9883381924198251,0,,,
test_016,Tumor,6130,6048,0.9866231647634583,647,0.9582689335394127,5483.0,0.9899689950756885
test_017,Normal,3312,3308,0.998792270531401,0,,,
test_018,Normal,2635,2635,1.0,0,,,
test_019,Normal,8551,8549,0.9997661092269909,0,,,
test_020,Normal,514,493,0.9591439688715954,0,,,
test_021,Tumor,6496,6075,0.9351908866995073,3392,0.9024174528301887,3104.0,0.9710051546391752
test_022,Normal,4881,4756,0.9743904937512805,0,,,
test_023,Normal,3298,3287,0.9966646452395391,0,,,
test_024,Normal,2437,2431,0.9975379565038982,0,,,
test_025,Normal,1188,1188,1.0,0,,,
test_026,Tumor,5748,5606,0.9752957550452331,287,0.5470383275261324,5461.0,0.9978026002563632
test_027,Tumor,2878,2864,0.995135510771369,44,0.9318181818181818,2834.0,0.9961185603387438
test_028,Normal,4455,4454,0.9997755331088665,0,,,
test_029,Tumor,2233,2232,0.999552171965965,2,0.5,2231.0,1.0
test_030,Tumor,2727,2712,0.9944994499449945,7,0.42857142857142855,2720.0,0.9959558823529412
test_031,Normal,3838,3838,1.0,0,,,
test_032,Normal,3877,3865,0.9969048233169977,0,,,
test_033,Tumor,10577,10571,0.9994327313983171,2,0.0,10575.0,0.9996217494089834
test_034,Normal,3407,3405,0.9994129732902847,0,,,
test_035,Normal,2868,2832,0.9874476987447699,0,,,
test_036,Normal,3544,3543,0.9997178329571106,0,,,
test_037,Normal,9531,9522,0.9990557129367328,0,,,
test_038,Tumor,2579,2538,0.9841023652578519,6,0.3333333333333333,2573.0,0.9856198989506413
test_039,Normal,2253,2252,0.9995561473590768,0,,,
test_040,Tumor,1818,1710,0.9405940594059405,371,0.8706199460916442,1447.0,0.9585348997926745
test_041,Normal,4714,4714,1.0,0,,,
test_042,Normal,8784,8592,0.9781420765027322,0,,,
test_043,Normal,1129,1123,0.9946855624446412,0,,,
test_044,Normal,3040,3031,0.9970394736842105,0,,,
test_045,Normal,1438,1436,0.9986091794158554,0,,,
test_046,Tumor,1811,1804,0.996134732192159,1,1.0,1810.0,0.9961325966850829
test_047,Normal,2584,2582,0.9992260061919505,0,,,
test_048,Tumor,5109,5072,0.9927578782540615,5,0.0,5104.0,0.9937304075235109
test_050,Normal,4042,4006,0.9910935180603662,0,,,
test_051,Tumor,1821,1789,0.9824272377814388,55,0.4909090909090909,1766.0,0.9977349943374858
test_052,Tumor,4102,4073,0.9929302779132131,2,0.0,4100.0,0.9934146341463415
test_053,Normal,5065,5040,0.9950641658440277,0,,,
test_054,Normal,4325,4320,0.9988439306358381,0,,,
test_055,Normal,2152,2119,0.9846654275092936,0,,,
test_056,Normal,6239,6203,0.9942298445263664,0,,,
test_057,Normal,1929,1924,0.9974079834110938,0,,,
test_058,Normal,4749,4701,0.9898926089703095,0,,,
test_059,Normal,2823,2823,1.0,0,,,
test_060,Normal,1541,1541,1.0,0,,,
test_061,Tumor,3205,3167,0.9881435257410296,21,0.8095238095238095,3184.0,0.989321608040201
test_062,Normal,1712,1696,0.9906542056074766,0,,,
test_063,Normal,4100,4088,0.9970731707317073,0,,,
test_064,Tumor,1387,1377,0.992790194664744,1,0.0,1386.0,0.9935064935064936
test_065,Tumor,1584,1581,0.9981060606060606,2,0.5,1582.0,0.9987357774968394
test_066,Tumor,5793,5787,0.9989642672190575,3,0.0,5790.0,0.9994818652849741
test_067,Normal,4281,4275,0.9985984583041345,0,,,
test_068,Tumor,4944,4901,0.9913025889967637,156,0.9423076923076923,4788.0,0.9928989139515455
test_069,Tumor,11457,11073,0.9664833726106311,24,0.875,11433.0,0.9666754132773551
test_070,Normal,2861,2860,0.999650471862985,0,,,
test_071,Tumor,6989,6913,0.9891257690656746,342,0.9444444444444444,6647.0,0.9914247028734767
test_072,Normal,3191,3189,0.9993732372297085,0,,,
test_073,Tumor,4825,4619,0.9573056994818653,669,0.8385650224215246,4156.0,0.9764196342637151
test_074,Tumor,3688,3647,0.988882863340564,5,0.8,3683.0,0.9891392886234048
test_075,Tumor,3198,3099,0.9690431519699813,102,0.9313725490196079,3096.0,0.9702842377260982
test_076,Normal,3954,3926,0.9929185634800203,0,,,
test_077,Normal,4412,4371,0.9907071622846781,0,,,
test_078,Normal,4745,4745,1.0,0,,,
test_079,Tumor,2800,2744,0.98,12,0.0,2788.0,0.9842180774748924
test_080,Normal,5379,5371,0.9985127347090538,0,,,
test_081,Normal,3190,3143,0.9852664576802508,0,,,
test_082,Tumor,4358,4260,0.9775126204681046,75,0.25333333333333335,4283.0,0.9901937893999533
test_083,Normal,885,881,0.9954802259887006,0,,,
test_084,Tumor,1713,1706,0.9959136018680678,4,0.25,1709.0,0.9976594499707431
test_085,Normal,3418,3409,0.997366881217086,0,,,
test_086,Normal,3359,3260,0.9705269425424233,0,,,
test_087,Normal,2215,2214,0.999548532731377,0,,,
test_088,Normal,3134,3126,0.9974473516273133,0,,,
test_089,Normal,3093,3080,0.9957969608794051,0,,,
test_090,Tumor,6239,5018,0.8042955601859272,2133,0.4646038443506798,4106.0,0.9807598636142231
test_091,Normal,3624,3620,0.9988962472406181,0,,,
test_092,Tumor,6813,6633,0.9735799207397622,14,1.0,6799.0,0.9735255184585968
test_093,Normal,2890,2888,0.9993079584775086,0,,,
test_094,Tumor,4551,4523,0.993847506042628,89,0.9438202247191011,4462.0,0.9948453608247423
test_095,Normal,3509,3506,0.9991450555713879,0,,,
test_096,Normal,726,716,0.9862258953168044,0,,,
test_097,Tumor,3383,3382,0.9997044043748152,0,,3383.0,0.9997044043748152
test_098,Normal,4464,4417,0.9894713261648745,0,,,
test_099,Tumor,4789,4782,0.9985383169764043,0,,4789.0,0.9985383169764043
test_100,Normal,6559,6536,0.9964933678914468,0,,,
test_101,Normal,5669,5635,0.994002469571353,0,,,
test_102,Tumor,4945,4933,0.9975733063700708,6,0.8333333333333334,4939.0,0.9977728285077951
test_103,Normal,2154,2154,1.0,0,,,
test_104,Tumor,3734,3694,0.9892876272094269,52,0.9038461538461539,3682.0,0.9904942965779467
test_105,Tumor,7544,7082,0.9387592788971368,5144,0.9496500777604977,2400.0,0.9154166666666667
test_106,Normal,1597,1597,1.0,0,,,
test_107,Normal,1275,1275,1.0,0,,,
test_108,Tumor,2110,2101,0.9957345971563981,11,0.8181818181818182,2099.0,0.9966650786088613
test_109,Normal,5357,5357,1.0,0,,,
test_110,Tumor,4714,4701,0.9972422571064913,0,,4714.0,0.9972422571064913
test_111,Normal,3188,3188,1.0,0,,,
test_112,Normal,2561,2496,0.9746192893401016,0,,,
test_113,Tumor,5394,5076,0.9410456062291435,1311,0.8581235697940504,4083.0,0.967670830271859
test_114,Tumor,4831,4586,0.9492858621403436,1570,0.945859872611465,3261.0,0.9509352959214965
test_115,Normal,1506,1506,1.0,0,,,
test_116,Tumor,2349,2348,0.9995742869306088,0,,2349.0,0.9995742869306088
test_117,Tumor,2795,2793,0.9992844364937388,0,,2795.0,0.9992844364937388
test_118,Normal,2666,2664,0.9992498124531133,0,,,
test_119,Normal,2528,2528,1.0,0,,,
test_120,Normal,6162,6150,0.9980525803310614,0,,,
test_121,Tumor,2874,2858,0.9944328462073765,17,0.8235294117647058,2857.0,0.9954497724886244
test_122,Tumor,2776,2734,0.9848703170028819,7,0.7142857142857143,2769.0,0.9855543517515348
test_123,Normal,2607,2600,0.9973149213655543,0,,,
test_124,Normal,941,941,1.0,0,,,
test_125,Normal,4549,4547,0.9995603429325126,0,,,
test_126,Normal,4506,4503,0.9993342210386151,0,,,
test_127,Normal,9498,9422,0.9919983154348284,0,,,
test_128,Normal,1710,1695,0.9912280701754386,0,,,
test_129,Normal,1412,1412,1.0,0,,,
test_130,Normal,2443,2442,0.9995906672124437,0,,,
