WSI,n_patches,n_gt_tumor_patches,n_pred_tumor_patches,tp,fp,fn,tn,dice
tumor_001,6500,11,546,11,535,0,5954,0.03949730700179533
tumor_002,2661,1,149,1,148,0,2512,0.013333333333333334
tumor_003,3147,7,399,6,393,1,2747,0.029556650246305417
tumor_004,4196,28,573,23,550,5,3618,0.07653910149750416
tumor_005,1277,3,530,3,527,0,747,0.01125703564727955
tumor_006,5606,2,1483,2,1481,0,4123,0.0026936026936026937
tumor_007,2948,3,487,2,485,1,2460,0.00816326530612245
tumor_008,4376,0,930,0,930,0,3446,0.0
tumor_009,4838,804,1060,784,276,20,3758,0.8412017167381974
tumor_010,3687,0,636,0,636,0,3051,0.0
tumor_011,4050,199,540,188,352,11,3499,0.5087956698240866
tumor_012,1835,1,176,1,175,0,1659,0.011299435028248588
tumor_013,3250,10,535,10,525,0,2715,0.03669724770642202
tumor_014,4066,68,946,62,884,6,3114,0.1222879684418146
tumor_015,6408,11,1350,11,1339,0,5058,0.016164584864070537
tumor_016,1593,151,839,149,690,2,752,0.301010101010101
tumor_017,5327,0,828,0,828,0,4499,0.0
tumor_018,4708,46,902,46,856,0,3806,0.0970464135021097
tumor_019,1549,4,367,4,363,0,1182,0.0215633423180593
tumor_020,5701,79,1478,78,1400,1,4222,0.1001926782273603
tumor_021,4601,29,1012,27,985,2,3587,0.05187319884726225
tumor_022,4007,4,685,4,681,0,3322,0.011611030478955007
tumor_023,2000,1,392,1,391,0,1608,0.005089058524173028
tumor_024,4175,1,1696,1,1695,0,2479,0.0011785503830288745
tumor_025,3469,78,873,78,795,0,2596,0.1640378548895899
tumor_026,6996,769,1846,764,1082,5,5145,0.584321223709369
tumor_027,4473,2,1184,2,1182,0,3289,0.003372681281618887
tumor_028,5762,2,962,2,960,0,4800,0.004149377593360996
tumor_029,5186,49,1482,49,1433,0,3704,0.06401045068582625
tumor_030,4767,0,417,0,417,0,4350,0.0
tumor_031,1379,113,392,113,279,0,987,0.44752475247524753
tumor_032,4739,4,797,4,793,0,3942,0.009987515605493134
tumor_033,5329,105,1250,105,1145,0,4079,0.15498154981549817
tumor_034,1896,79,590,77,513,2,1304,0.23019431988041852
tumor_035,1970,1,244,1,243,0,1726,0.00816326530612245
tumor_036,4936,78,1720,78,1642,0,3216,0.0867630700778643
tumor_037,5748,31,747,30,717,1,5000,0.07712082262210797
tumor_038,1226,38,340,38,302,0,886,0.20105820105820105
tumor_039,3440,196,573,196,377,0,2867,0.5097529258777633
tumor_040,4702,1,1846,1,1845,0,2856,0.0010828370330265296
tumor_041,4393,2,869,2,867,0,3524,0.004592422502870264
tumor_042,4916,41,362,41,321,0,4554,0.20347394540942929
tumor_043,1240,0,204,0,204,0,1036,0.0
tumor_044,3697,1022,1481,993,488,29,2187,0.7934478625649221
tumor_045,4292,12,492,12,480,0,3800,0.047619047619047616
tumor_046,5755,820,2901,799,2102,21,2833,0.42945444772910507
tumor_047,4345,570,1880,570,1310,0,2465,0.46530612244897956
tumor_048,5288,2,781,2,779,0,4507,0.005108556832694764
tumor_049,3334,3,365,3,362,0,2969,0.016304347826086956
tumor_050,4490,7,452,5,447,2,4036,0.02178649237472767
tumor_051,5139,88,1304,86,1218,2,3833,0.1235632183908046
tumor_052,3436,49,1421,49,1372,0,2015,0.06666666666666667
tumor_053,3174,1,1483,1,1482,0,1691,0.0013477088948787063
tumor_054,5797,1446,3230,1355,1875,91,2476,0.5795551753635586
tumor_055,2433,274,1253,274,979,0,1180,0.35887360838244925
tumor_056,3870,33,877,33,844,0,2993,0.07252747252747253
tumor_057,2348,2,308,2,306,0,2040,0.012903225806451613
tumor_058,1553,335,580,335,245,0,973,0.73224043715847
tumor_059,1145,1,468,1,467,0,677,0.0042643923240938165
tumor_060,2203,0,661,0,661,0,1542,0.0
tumor_061,3877,99,890,82,808,17,2970,0.16582406471183014
tumor_062,3604,31,535,31,504,0,3069,0.10954063604240283
tumor_063,7539,1,618,0,618,1,6920,0.0
tumor_064,3216,131,463,113,350,18,2735,0.38047138047138046
tumor_065,2054,2,149,2,147,0,1905,0.026490066225165563
tumor_066,5977,0,312,0,312,0,5665,0.0
tumor_067,1805,0,723,0,723,0,1082,0.0
tumor_068,4719,233,1125,233,892,0,3594,0.3431516936671576
tumor_069,3099,8,214,8,206,0,2885,0.07207207207207207
tumor_070,3706,1,327,1,326,0,3379,0.006097560975609756
tumor_071,4322,58,468,58,410,0,3854,0.22053231939163498
tumor_072,5670,112,1015,112,903,0,4655,0.19875776397515527
tumor_073,5810,9,298,9,289,0,5512,0.05863192182410423
tumor_074,5358,7,336,7,329,0,5022,0.04081632653061224
tumor_075,3297,47,277,46,231,1,3019,0.2839506172839506
tumor_076,5614,2237,2734,2225,509,12,2868,0.8951921142627238
tumor_077,5051,10,688,10,678,0,4363,0.02865329512893983
tumor_078,4713,936,1672,936,736,0,3041,0.7177914110429447
tumor_079,4083,20,512,20,492,0,3571,0.07518796992481203
tumor_080,6185,4,298,4,294,0,5887,0.026490066225165563
tumor_081,3253,0,231,0,231,0,3022,0.0
tumor_082,2713,235,349,187,162,48,2316,0.6404109589041096
tumor_083,7475,46,586,43,543,3,6886,0.1360759493670886
tumor_084,2254,33,314,33,281,0,1940,0.19020172910662825
tumor_085,2882,458,594,358,236,100,2188,0.6806083650190115
tumor_086,6992,2,1013,2,1011,0,5979,0.003940886699507389
tumor_087,3622,3,244,3,241,0,3378,0.024291497975708502
tumor_088,4818,169,465,169,296,0,4353,0.5331230283911672
tumor_089,9328,1662,2150,1602,548,60,7118,0.8405036726128017
tumor_090,7276,222,635,220,415,2,6639,0.5134189031505251
tumor_091,1336,45,270,44,226,1,1065,0.27936507936507937
tumor_092,10026,20,5721,20,5701,0,4305,0.006967427277477792
tumor_093,3318,4,632,4,628,0,2686,0.012578616352201259
tumor_094,5029,58,426,56,370,2,4601,0.23140495867768596
tumor_095,9335,849,3620,765,2855,84,5631,0.3423584694562542
tumor_096,3779,23,500,23,477,0,3279,0.08795411089866156
tumor_097,5796,1,378,1,377,0,5418,0.005277044854881266
tumor_098,2900,1,98,1,97,0,2802,0.020202020202020204
tumor_099,4336,15,376,14,362,1,3959,0.07161125319693094
tumor_100,5877,6,727,6,721,0,5150,0.01637107776261937
tumor_101,3239,188,732,184,548,4,2503,0.4
tumor_102,9697,313,2838,313,2525,0,6859,0.19866708981275785
tumor_103,5105,4,317,4,313,0,4788,0.024922118380062305
tumor_104,6668,96,1334,96,1238,0,5334,0.13426573426573427
tumor_105,4335,83,174,33,141,50,4111,0.25680933852140075
tumor_106,6253,61,860,58,802,3,5390,0.1259500542888165
tumor_107,3480,4,383,4,379,0,3097,0.020671834625323
tumor_108,6498,62,481,60,421,2,6015,0.22099447513812154
tumor_109,4834,108,493,108,385,0,4341,0.3594009983361065
tumor_110,3300,1013,1225,924,301,89,1986,0.8257372654155496
tumor_111,4328,9,330,9,321,0,3998,0.05309734513274336
test_001,4300,98,1388,98,1290,0,2912,0.13189771197846567
test_002,3499,36,739,35,704,1,2759,0.09032258064516129
test_004,5481,0,435,0,435,0,5046,0.0
test_008,6575,1,691,1,690,0,5884,0.002890173410404624
test_010,4539,1,919,1,918,0,3620,0.002173913043478261
test_011,5632,0,236,0,236,0,5396,0.0
test_013,1230,1,84,0,84,1,1145,0.0
test_016,6130,647,879,636,243,11,5240,0.8335517693315858
test_021,6496,3392,3840,3348,492,44,2612,0.9258849557522124
test_026,5748,287,481,89,392,198,5069,0.23177083333333334
test_027,2878,44,584,44,540,0,2294,0.14012738853503184
test_029,2233,2,180,2,178,0,2053,0.02197802197802198
test_030,2727,7,265,7,258,0,2462,0.051470588235294115
test_033,10577,2,879,2,877,0,9698,0.004540295119182747
test_038,2579,6,603,6,597,0,1976,0.019704433497536946
test_040,1818,371,797,371,426,0,1021,0.6352739726027398
test_046,1811,1,212,1,211,0,1599,0.009389671361502348
test_048,5109,5,1549,5,1544,0,3560,0.006435006435006435
test_051,1821,55,204,51,153,4,1613,0.3938223938223938
test_052,4102,2,866,1,865,1,3235,0.002304147465437788
test_061,3205,21,410,21,389,0,2795,0.09744779582366589
test_064,1387,1,314,1,313,0,1073,0.006349206349206349
test_065,1584,2,165,1,164,1,1418,0.011976047904191617
test_066,5793,3,676,2,674,1,5116,0.005891016200294551
test_068,4944,156,602,156,446,0,4342,0.41160949868073876
test_069,11457,24,2713,23,2690,1,8743,0.01680672268907563
test_071,6989,342,716,341,375,1,6272,0.6446124763705104
test_073,4825,669,1148,669,479,0,3677,0.7363786461199779
test_074,3688,5,972,5,967,0,2716,0.01023541453428864
test_075,3198,102,737,102,635,0,2461,0.2431466030989273
test_079,2800,12,315,8,307,4,2481,0.04892966360856269
test_082,4358,75,753,60,693,15,3590,0.14492753623188406
test_084,1713,4,368,4,364,0,1345,0.021505376344086023
test_090,6239,2133,2767,1889,878,244,3228,0.7710204081632653
test_092,6813,14,974,14,960,0,5839,0.02834008097165992
test_094,4551,89,158,75,83,14,4379,0.6072874493927125
test_097,3383,0,797,0,797,0,2586,0.0
test_099,4789,0,268,0,268,0,4521,0.0
test_102,4945,6,158,6,152,0,4787,0.07317073170731707
test_104,3734,52,880,52,828,0,2854,0.11158798283261803
test_105,7544,5144,5766,5044,722,100,1678,0.9246562786434463
test_108,2110,11,178,11,167,0,1932,0.1164021164021164
test_110,4714,0,290,0,290,0,4424,0.0
test_113,5394,1311,1853,1257,596,54,3487,0.7945638432364096
test_114,4831,1570,1881,1467,414,103,2847,0.85018835120255
test_116,2349,0,305,0,305,0,2044,0.0
test_117,2795,0,314,0,314,0,2481,0.0
test_121,2874,17,397,17,380,0,2477,0.0821256038647343
test_122,2776,7,299,7,292,0,2477,0.0457516339869281
