slide_id,split,gt_label,pred_label,correct,tumor_patch_pct
normal_001,val,Normal,Normal,True,0.0
normal_002,val,Normal,Normal,True,0.0
normal_003,val,Normal,Tumor,False,0.0
normal_004,val,Normal,Normal,True,0.0
normal_006,val,Normal,Normal,True,0.0
normal_007,val,Normal,Tumor,False,0.0
normal_008,val,Normal,Normal,True,0.0
normal_009,val,Normal,Normal,True,0.0
normal_010,val,Normal,Normal,True,0.0
normal_011,val,Normal,Normal,True,0.0
normal_012,val,Normal,Normal,True,0.0
normal_013,val,Normal,Normal,True,0.0
normal_014,val,Normal,Normal,True,0.0
normal_015,val,Normal,Normal,True,0.0
normal_016,val,Normal,Normal,True,0.0
normal_017,val,Normal,Tumor,False,0.0
normal_018,val,Normal,Normal,True,0.0
normal_019,val,Normal,Tumor,False,0.0
normal_020,val,Normal,Normal,True,0.0
normal_021,val,Normal,Normal,True,0.0
normal_022,val,Normal,Normal,True,0.0
normal_023,val,Normal,Normal,True,0.0
normal_024,val,Normal,Normal,True,0.0
normal_025,val,Normal,Normal,True,0.0
normal_026,val,Normal,Normal,True,0.0
normal_027,val,Normal,Normal,True,0.0
normal_029,val,Normal,Normal,True,0.0
normal_030,val,Normal,Normal,True,0.0
normal_031,val,Normal,Normal,True,0.0
normal_032,val,Normal,Tumor,False,0.0
normal_033,val,Normal,Normal,True,0.0
normal_034,val,Normal,Normal,True,0.0
normal_036,val,Normal,Normal,True,0.0
normal_037,val,Normal,Normal,True,0.0
normal_038,val,Normal,Normal,True,0.0
normal_039,val,Normal,Tumor,False,0.0
normal_040,val,Normal,Normal,True,0.0
normal_041,val,Normal,Normal,True,0.0
normal_042,val,Normal,Normal,True,0.0
normal_043,val,Normal,Normal,True,0.0
normal_044,val,Normal,Normal,True,0.0
normal_045,val,Normal,Normal,True,0.0
normal_046,val,Normal,Tumor,False,0.0
normal_047,val,Normal,Normal,True,0.0
normal_048,val,Normal,Normal,True,0.0
normal_049,val,Normal,Normal,True,0.0
normal_050,val,Normal,Normal,True,0.0
normal_051,val,Normal,Normal,True,0.0
normal_052,val,Normal,Normal,True,0.0
normal_053,val,Normal,Tumor,False,0.0
normal_054,val,Normal,Normal,True,0.0
normal_055,val,Normal,Normal,True,0.0
normal_056,val,Normal,Normal,True,0.0
normal_057,val,Normal,Tumor,False,0.0
normal_058,val,Normal,Normal,True,0.0
normal_059,val,Normal,Normal,True,0.0
normal_060,val,Normal,Tumor,False,0.0
normal_061,val,Normal,Normal,True,0.0
normal_062,val,Normal,Normal,True,0.0
normal_063,val,Normal,Normal,True,0.0
normal_064,val,Normal,Normal,True,0.0
normal_065,val,Normal,Normal,True,0.0
normal_066,val,Normal,Normal,True,0.0
normal_067,val,Normal,Normal,True,0.0
normal_068,val,Normal,Normal,True,0.0
normal_069,val,Normal,Normal,True,0.0
normal_070,val,Normal,Normal,True,0.0
normal_071,val,Normal,Normal,True,0.0
normal_072,val,Normal,Normal,True,0.0
normal_073,val,Normal,Normal,True,0.0
normal_074,val,Normal,Normal,True,0.0
normal_075,val,Normal,Normal,True,0.0
normal_076,val,Normal,Normal,True,0.0
normal_077,val,Normal,Normal,True,0.0
normal_078,val,Normal,Normal,True,0.0
normal_079,val,Normal,Normal,True,0.0
normal_080,val,Normal,Normal,True,0.0
normal_081,val,Normal,Normal,True,0.0
normal_082,val,Normal,Normal,True,0.0
normal_083,val,Normal,Normal,True,0.0
normal_084,val,Normal,Normal,True,0.0
normal_085,val,Normal,Normal,True,0.0
normal_087,val,Normal,Normal,True,0.0
normal_088,val,Normal,Normal,True,0.0
normal_089,val,Normal,Tumor,False,0.0
normal_091,val,Normal,Normal,True,0.0
normal_092,val,Normal,Normal,True,0.0
normal_093,val,Normal,Normal,True,0.0
normal_094,val,Normal,Normal,True,0.0
normal_096,val,Normal,Normal,True,0.0
normal_098,val,Normal,Tumor,False,0.0
normal_099,val,Normal,Normal,True,0.0
normal_100,val,Normal,Normal,True,0.0
normal_101,val,Normal,Tumor,False,0.0
normal_102,val,Normal,Normal,True,0.0
normal_103,val,Normal,Normal,True,0.0
normal_104,val,Normal,Normal,True,0.0
normal_105,val,Normal,Normal,True,0.0
normal_106,val,Normal,Normal,True,0.0
normal_107,val,Normal,Normal,True,0.0
normal_108,val,Normal,Normal,True,0.0
normal_109,val,Normal,Normal,True,0.0
normal_110,val,Normal,Normal,True,0.0
normal_111,val,Normal,Normal,True,0.0
normal_112,val,Normal,Normal,True,0.0
normal_113,val,Normal,Normal,True,0.0
normal_114,val,Normal,Normal,True,0.0
normal_115,val,Normal,Normal,True,0.0
normal_116,val,Normal,Normal,True,0.0
normal_117,val,Normal,Normal,True,0.0
normal_118,val,Normal,Normal,True,0.0
normal_119,val,Normal,Normal,True,0.0
normal_120,val,Normal,Normal,True,0.0
normal_121,val,Normal,Normal,True,0.0
normal_122,val,Normal,Normal,True,0.0
normal_123,val,Normal,Normal,True,0.0
normal_124,val,Normal,Normal,True,0.0
normal_126,val,Normal,Normal,True,0.0
normal_127,val,Normal,Normal,True,0.0
normal_128,val,Normal,Normal,True,0.0
normal_129,val,Normal,Normal,True,0.0
normal_130,val,Normal,Normal,True,0.0
normal_131,val,Normal,Normal,True,0.0
normal_132,val,Normal,Normal,True,0.0
normal_133,val,Normal,Normal,True,0.0
normal_134,val,Normal,Normal,True,0.0
normal_135,val,Normal,Normal,True,0.0
normal_136,val,Normal,Normal,True,0.0
normal_137,val,Normal,Normal,True,0.0
normal_138,val,Normal,Normal,True,0.0
normal_139,val,Normal,Normal,True,0.0
normal_140,val,Normal,Normal,True,0.0
normal_141,val,Normal,Normal,True,0.0
normal_142,val,Normal,Normal,True,0.0
normal_143,val,Normal,Normal,True,0.0
normal_144,val,Normal,Tumor,False,0.0
normal_145,val,Normal,Normal,True,0.0
normal_146,val,Normal,Normal,True,0.0
normal_147,val,Normal,Normal,True,0.0
normal_148,val,Normal,Normal,True,0.0
normal_149,val,Normal,Normal,True,0.0
normal_150,val,Normal,Normal,True,0.0
normal_151,val,Normal,Normal,True,0.0
normal_152,val,Normal,Normal,True,0.0
normal_153,val,Normal,Normal,True,0.0
normal_154,val,Normal,Normal,True,0.0
normal_155,val,Normal,Normal,True,0.0
normal_156,val,Normal,Normal,True,0.0
normal_157,val,Normal,Normal,True,0.0
normal_158,val,Normal,Tumor,False,0.0
normal_159,val,Normal,Normal,True,0.0
normal_160,val,Normal,Normal,True,0.0
tumor_001,val,Tumor,Tumor,True,0.1692307692307692
tumor_002,val,Tumor,Normal,False,0.0375798571965426
tumor_003,val,Tumor,Tumor,True,0.2224340641881156
tumor_004,val,Tumor,Tumor,True,0.667302192564347
tumor_006,val,Tumor,Tumor,True,0.0356760613628255
tumor_007,val,Tumor,Tumor,True,0.1017639077340569
tumor_008,val,Tumor,Tumor,True,0.0
tumor_009,val,Tumor,Tumor,True,16.618437370814387
tumor_010,val,Tumor,Tumor,True,0.0
tumor_011,val,Tumor,Tumor,True,4.91358024691358
tumor_012,val,Tumor,Normal,False,0.0544959128065395
tumor_013,val,Tumor,Tumor,True,0.3076923076923077
tumor_014,val,Tumor,Tumor,True,1.6724053123462863
tumor_015,val,Tumor,Tumor,True,0.1716604244694132
tumor_016,val,Tumor,Tumor,True,9.478970495919649
tumor_017,val,Tumor,Normal,False,0.0
tumor_018,val,Tumor,Tumor,True,0.9770603228547152
tumor_019,val,Tumor,Tumor,True,0.2582311168495804
tumor_020,val,Tumor,Tumor,True,1.3857218031924223
tumor_021,val,Tumor,Tumor,True,0.630297761356227
tumor_022,val,Tumor,Tumor,True,0.0998253057149987
tumor_023,val,Tumor,Tumor,True,0.05
tumor_024,val,Tumor,Tumor,True,0.0239520958083832
tumor_025,val,Tumor,Tumor,True,2.24848659556068
tumor_026,val,Tumor,Tumor,True,10.99199542595769
tumor_027,val,Tumor,Tumor,True,0.0447127207690588
tumor_028,val,Tumor,Tumor,True,0.0347101700798333
tumor_029,val,Tumor,Tumor,True,0.9448515233320478
tumor_030,val,Tumor,Normal,False,0.0
tumor_031,val,Tumor,Tumor,True,8.194343727338651
tumor_033,val,Tumor,Tumor,True,1.970350910114468
tumor_034,val,Tumor,Tumor,True,4.166666666666667
tumor_035,val,Tumor,Normal,False,0.0507614213197969
tumor_036,val,Tumor,Tumor,True,1.5802269043760129
tumor_037,val,Tumor,Tumor,True,0.5393180236604036
tumor_038,val,Tumor,Tumor,True,3.099510603588907
tumor_039,val,Tumor,Tumor,True,5.697674418604652
tumor_040,val,Tumor,Normal,False,0.0212675457252233
tumor_042,val,Tumor,Tumor,True,0.8340113913751017
tumor_043,val,Tumor,Tumor,True,0.0
tumor_044,val,Tumor,Tumor,True,27.64403570462537
tumor_045,val,Tumor,Tumor,True,0.2795899347623485
tumor_046,val,Tumor,Tumor,True,14.24847958297133
tumor_047,val,Tumor,Tumor,True,13.118527042577677
tumor_048,val,Tumor,Tumor,True,0.037821482602118
tumor_049,val,Tumor,Tumor,True,0.0899820035992801
tumor_050,val,Tumor,Normal,False,0.155902004454343
tumor_052,val,Tumor,Tumor,True,1.4260768335273577
tumor_053,val,Tumor,Tumor,True,0.0315059861373661
tumor_054,val,Tumor,Tumor,True,24.94393651888908
tumor_055,val,Tumor,Tumor,True,11.261816687217427
tumor_056,val,Tumor,Tumor,True,0.8527131782945736
tumor_057,val,Tumor,Normal,False,0.0851788756388415
tumor_058,val,Tumor,Tumor,True,21.57115260785576
tumor_059,val,Tumor,Tumor,True,0.0873362445414847
tumor_060,val,Tumor,Tumor,True,0.0
tumor_061,val,Tumor,Tumor,True,2.5535207634769157
tumor_062,val,Tumor,Tumor,True,0.8601553829078802
tumor_063,val,Tumor,Normal,False,0.0132643586682583
tumor_064,val,Tumor,Tumor,True,4.073383084577115
tumor_065,val,Tumor,Tumor,True,0.0973709834469328
tumor_066,val,Tumor,Normal,False,0.0
tumor_067,val,Tumor,Tumor,True,0.0
tumor_069,val,Tumor,Normal,False,0.2581477896095515
tumor_070,val,Tumor,Normal,False,0.0269832703723691
tumor_071,val,Tumor,Tumor,True,1.3419713095788988
tumor_072,val,Tumor,Tumor,True,1.9753086419753083
tumor_073,val,Tumor,Tumor,True,0.1549053356282272
tumor_074,val,Tumor,Tumor,True,0.1306457633445315
tumor_075,val,Tumor,Tumor,True,1.4255383682135274
tumor_076,val,Tumor,Tumor,True,39.84681154257214
tumor_077,val,Tumor,Tumor,True,0.1979805979014056
tumor_078,val,Tumor,Tumor,True,19.859961807765757
tumor_079,val,Tumor,Tumor,True,0.4898359049718344
tumor_080,val,Tumor,Tumor,True,0.0646725949878739
tumor_081,val,Tumor,Tumor,True,0.0
tumor_083,val,Tumor,Tumor,True,0.6153846153846154
tumor_085,val,Tumor,Tumor,True,15.891741845940318
tumor_086,val,Tumor,Normal,False,0.028604118993135
tumor_087,val,Tumor,Tumor,True,0.0828271673108779
tumor_088,val,Tumor,Tumor,True,3.5076795350767958
tumor_089,val,Tumor,Tumor,True,17.817324185248715
tumor_090,val,Tumor,Tumor,True,3.051126992853216
tumor_091,val,Tumor,Tumor,True,3.3682634730538923
tumor_092,val,Tumor,Tumor,True,0.1994813484939158
tumor_093,val,Tumor,Tumor,True,0.1205545509342977
tumor_095,val,Tumor,Tumor,True,9.094804499196572
tumor_097,val,Tumor,Tumor,True,0.0172532781228433
tumor_098,val,Tumor,Normal,False,0.0344827586206896
tumor_099,val,Tumor,Tumor,True,0.3459409594095941
tumor_100,val,Tumor,Tumor,True,0.1020929045431342
tumor_101,val,Tumor,Tumor,True,5.8042605742513125
tumor_102,val,Tumor,Tumor,True,3.227802413117459
tumor_103,val,Tumor,Tumor,True,0.078354554358472
tumor_104,val,Tumor,Tumor,True,1.4397120575884823
tumor_105,val,Tumor,Tumor,True,1.9146482122260668
tumor_106,val,Tumor,Tumor,True,0.975531744762514
tumor_107,val,Tumor,Tumor,True,0.1149425287356321
tumor_108,val,Tumor,Tumor,True,0.9541397353031702
tumor_109,val,Tumor,Tumor,True,2.2341745966073643
tumor_111,val,Tumor,Tumor,True,0.2079482439926062
test_001,val,Tumor,Tumor,True,2.2790697674418605
test_002,val,Tumor,Tumor,True,1.0288653901114604
test_003,val,Normal,Normal,True,0.0
test_004,val,Tumor,Normal,False,0.0
test_005,val,Normal,Normal,True,0.0
test_006,val,Normal,Normal,True,0.0
test_007,val,Normal,Normal,True,0.0
test_008,val,Tumor,Tumor,True,0.0152091254752851
test_009,val,Normal,Normal,True,0.0
test_010,val,Tumor,Tumor,True,0.0220312844238819
test_011,val,Tumor,Normal,False,0.0
test_012,val,Normal,Normal,True,0.0
test_014,val,Normal,Normal,True,0.0
test_015,val,Normal,Normal,True,0.0
test_016,val,Tumor,Tumor,True,10.554649265905384
test_017,val,Normal,Normal,True,0.0
test_018,val,Normal,Normal,True,0.0
test_020,val,Normal,Normal,True,0.0
test_021,val,Tumor,Tumor,True,52.2167487684729
test_022,val,Normal,Normal,True,0.0
test_023,val,Normal,Tumor,False,0.0
test_024,val,Normal,Normal,True,0.0
test_026,val,Tumor,Tumor,True,4.99304105775922
test_028,val,Normal,Normal,True,0.0
test_029,val,Tumor,Tumor,True,0.0895656068069861
test_030,val,Tumor,Tumor,True,0.2566923359002567
test_031,val,Normal,Normal,True,0.0
test_032,val,Normal,Normal,True,0.0
test_033,val,Tumor,Normal,False,0.0189089533894298
test_034,val,Normal,Normal,True,0.0
test_035,val,Normal,Normal,True,0.0
test_036,val,Normal,Normal,True,0.0
test_037,val,Normal,Normal,True,0.0
test_039,val,Normal,Normal,True,0.0
test_040,val,Tumor,Tumor,True,20.407040704070408
test_041,val,Normal,Normal,True,0.0
test_042,val,Normal,Normal,True,0.0
test_043,val,Normal,Normal,True,0.0
test_044,val,Normal,Normal,True,0.0
test_045,val,Normal,Tumor,False,0.0
test_046,val,Tumor,Tumor,True,0.0552181115405853
test_047,val,Normal,Normal,True,0.0
test_048,val,Tumor,Tumor,True,0.0978665100802505
test_050,val,Normal,Normal,True,0.0
test_051,val,Tumor,Tumor,True,3.020318506315212
test_052,val,Tumor,Normal,False,0.0487567040468064
test_053,val,Normal,Normal,True,0.0
test_054,val,Normal,Normal,True,0.0
test_055,val,Normal,Normal,True,0.0
test_057,val,Normal,Normal,True,0.0
test_058,val,Normal,Normal,True,0.0
test_059,val,Normal,Normal,True,0.0
test_060,val,Normal,Normal,True,0.0
test_061,val,Tumor,Tumor,True,0.6552262090483619
test_062,val,Normal,Normal,True,0.0
test_063,val,Normal,Normal,True,0.0
test_065,val,Tumor,Normal,False,0.1262626262626262
test_066,val,Tumor,Normal,False,0.0517866390471258
test_067,val,Normal,Normal,True,0.0
test_068,val,Tumor,Tumor,True,3.155339805825242
test_069,val,Tumor,Tumor,True,0.2094789211835559
test_070,val,Normal,Normal,True,0.0
test_071,val,Tumor,Tumor,True,4.893403920446416
test_072,val,Normal,Normal,True,0.0
test_073,val,Tumor,Tumor,True,13.865284974093264
test_074,val,Tumor,Tumor,True,0.1355748373101952
test_076,val,Normal,Normal,True,0.0
test_077,val,Normal,Normal,True,0.0
test_078,val,Normal,Normal,True,0.0
test_079,val,Tumor,Tumor,True,0.4285714285714285
test_080,val,Normal,Normal,True,0.0
test_082,val,Tumor,Tumor,True,1.7209729233593392
test_083,val,Normal,Normal,True,0.0
test_084,val,Tumor,Tumor,True,0.2335084646818447
test_085,val,Normal,Normal,True,0.0
test_086,val,Normal,Normal,True,0.0
test_087,val,Normal,Normal,True,0.0
test_088,val,Normal,Normal,True,0.0
test_090,val,Tumor,Tumor,True,34.18817118127905
test_092,val,Tumor,Tumor,True,0.2054895053574049
test_093,val,Normal,Normal,True,0.0
test_094,val,Tumor,Tumor,True,1.955614150736102
test_095,val,Normal,Normal,True,0.0
test_096,val,Normal,Normal,True,0.0
test_097,val,Tumor,Normal,False,0.0
test_098,val,Normal,Normal,True,0.0
test_099,val,Tumor,Normal,False,0.0
test_100,val,Normal,Normal,True,0.0
test_101,val,Normal,Normal,True,0.0
test_102,val,Tumor,Tumor,True,0.121334681496461
test_103,val,Normal,Normal,True,0.0
test_104,val,Tumor,Tumor,True,1.3926084627745046
test_105,val,Tumor,Tumor,True,68.18663838812301
test_106,val,Normal,Normal,True,0.0
test_107,val,Normal,Normal,True,0.0
test_108,val,Tumor,Tumor,True,0.5213270142180095
test_109,val,Normal,Normal,True,0.0
test_110,val,Tumor,Normal,False,0.0
test_111,val,Normal,Normal,True,0.0
test_112,val,Normal,Normal,True,0.0
test_113,val,Tumor,Tumor,True,24.304783092324804
test_114,val,Tumor,Tumor,True,32.49844752639205
test_115,val,Normal,Normal,True,0.0
test_116,val,Tumor,Normal,False,0.0
test_117,val,Tumor,Tumor,True,0.0
test_118,val,Normal,Normal,True,0.0
test_119,val,Normal,Normal,True,0.0
test_120,val,Normal,Normal,True,0.0
test_121,val,Tumor,Tumor,True,0.5915100904662491
test_124,val,Normal,Normal,True,0.0
test_126,val,Normal,Normal,True,0.0
test_127,val,Normal,Normal,True,0.0
test_129,val,Normal,Normal,True,0.0
test_130,val,Normal,Normal,True,0.0
