slide_id,gt_label,pred_label,score,tumor_patch_pct,n_patches,k_used
normal_001,Normal,Normal,-0.38594308300875124,0.0,1031,50
normal_002,Normal,Normal,-0.4393043672619388,0.0,1751,50
normal_003,Normal,Normal,-0.38939135663211344,0.0,1626,50
normal_004,Normal,Normal,-0.4133709893003106,0.0,769,50
normal_005,Normal,Normal,-0.3954226967715658,0.0,1867,50
normal_006,Normal,Normal,-0.33979047983884814,0.0,1466,50
normal_007,Normal,Normal,-0.36935346019454296,0.0,1772,50
normal_008,Normal,Normal,-0.3365783340483904,0.0,2175,50
normal_009,Normal,Normal,-0.35490340903401374,0.0,2840,50
normal_010,Normal,Normal,-0.31545980038587007,0.0,1990,50
normal_011,Normal,Normal,-0.37773858405649663,0.0,5190,50
normal_012,Normal,Normal,-0.3624356386857107,0.0,1382,50
normal_013,Normal,Normal,-0.346843490479514,0.0,1038,50
normal_014,Normal,Normal,-0.3060514617711306,0.0,1956,50
normal_015,Normal,Normal,-0.37674959100782873,0.0,3226,50
normal_016,Normal,Normal,-0.37838241449557247,0.0,629,50
normal_017,Normal,Normal,-0.2966156458109617,0.0,164,50
normal_018,Normal,Normal,-0.34312467856332657,0.0,2233,50
normal_019,Normal,Normal,-0.35994267577305433,0.0,241,50
normal_020,Normal,Normal,-0.4141182327270508,0.0,519,50
normal_021,Normal,Normal,-0.3757635625160765,0.0,352,50
normal_022,Normal,Normal,-0.2652970951795578,0.0,3470,50
normal_023,Normal,Normal,-0.30575163930654525,0.0,1728,50
normal_024,Normal,Normal,-0.37533522605895997,0.0,6939,50
normal_025,Normal,Normal,-0.3848659068159759,0.0,3813,50
normal_026,Normal,Normal,-0.3045144326984882,0.0,5840,50
normal_027,Normal,Normal,-0.36058769257739187,0.0,695,50
normal_028,Normal,Normal,-0.37723338913638144,0.0,2013,50
normal_029,Normal,Normal,-0.3687725179921836,0.0,1588,50
normal_030,Normal,Normal,-0.34338151455624033,0.0,2712,50
normal_031,Normal,Normal,-0.3527752469480038,0.0,5012,50
normal_032,Normal,Normal,-0.33742061764001846,0.0,2670,50
normal_033,Normal,Normal,-0.3188020174205303,0.0,4687,50
normal_034,Normal,Normal,-0.3877043436141685,0.0,5117,50
normal_035,Normal,Normal,-0.3746902127633802,0.0,1976,50
normal_036,Normal,Normal,-0.37740907472558316,0.0,2037,50
normal_037,Normal,Normal,-0.3589585467334837,0.0,2951,50
normal_038,Normal,Normal,-0.3004825657233596,0.0,1136,50
normal_039,Normal,Normal,-0.4052359209768474,0.0,2804,50
normal_040,Normal,Normal,-0.39643192511342934,0.0,5170,50
normal_041,Normal,Normal,-0.37693361602723596,0.0,3328,50
normal_042,Normal,Normal,-0.3593302141316235,0.0,111,50
normal_043,Normal,Normal,-0.3359023559838533,0.0,2093,50
normal_044,Normal,Normal,-0.33876561529934407,0.0,3976,50
normal_045,Normal,Normal,-0.35674764260649683,0.0,1977,50
normal_046,Normal,Normal,-0.405467730620876,0.0,1221,50
normal_047,Normal,Normal,-0.3944836900336668,0.0,2140,50
normal_048,Normal,Normal,-0.36821012504398826,0.0,1261,50
normal_049,Normal,Normal,-0.3822218884062022,0.0,1810,50
normal_050,Normal,Normal,-0.3343655104935169,0.0,4744,50
normal_051,Normal,Normal,-0.31635893017053607,0.0,3083,50
normal_052,Normal,Normal,-0.37186151996254924,0.0,5367,50
normal_053,Normal,Normal,-0.3378183493483811,0.0,4188,50
normal_054,Normal,Normal,-0.3954313894594088,0.0,946,50
normal_055,Normal,Normal,-0.3991512380167842,0.0,2503,50
normal_056,Normal,Normal,-0.41492855094140396,0.0,2355,50
normal_057,Normal,Normal,-0.4286123244930059,0.0,1618,50
normal_058,Normal,Normal,-0.33250079800374804,0.0,2729,50
normal_059,Normal,Normal,-0.3078323966264725,0.0,3074,50
normal_060,Normal,Normal,-0.39826321501517664,0.0,551,50
normal_061,Normal,Normal,-0.3601505237608217,0.0,4534,50
normal_062,Normal,Normal,-0.3894898570375517,0.0,1192,50
normal_063,Normal,Normal,-0.3722978706937283,0.0,1732,50
normal_064,Normal,Normal,-0.3697154731489718,0.0,6348,50
normal_065,Normal,Normal,-0.4231049150973558,0.0,1839,50
normal_066,Normal,Normal,-0.41452169489464724,0.0,7677,50
normal_067,Normal,Normal,-0.4030688401055522,0.0,5001,50
normal_068,Normal,Normal,-0.3519353035092354,0.0,4950,50
normal_069,Normal,Normal,-0.38383754062466324,0.0,3256,50
normal_070,Normal,Normal,-0.36266328874975445,0.0,5671,50
normal_071,Normal,Normal,-0.374611690430902,0.0,2805,50
normal_072,Normal,Normal,-0.36852939561009407,0.0,6486,50
normal_073,Normal,Normal,-0.3812039133347571,0.0,2469,50
normal_074,Normal,Normal,-0.3944684254284948,0.0,3589,50
normal_075,Normal,Normal,-0.42235914535820485,0.0,3192,50
normal_076,Normal,Normal,-0.4180365331564098,0.0,6747,50
normal_077,Normal,Normal,-0.35947169157210734,0.0,2996,50
normal_078,Normal,Normal,-0.3904890380706638,0.0,2318,50
normal_079,Normal,Normal,-0.39656984369736165,0.0,4930,50
normal_080,Normal,Normal,-0.3712619524257025,0.0,5838,50
normal_081,Normal,Normal,-0.35308802129700784,0.0,6180,50
normal_082,Normal,Normal,-0.3725882233865559,0.0,4113,50
normal_083,Normal,Normal,-0.4138198898313567,0.0,1419,50
normal_084,Normal,Normal,-0.4180617378652096,0.0,1460,50
normal_085,Normal,Normal,-0.37630307865445506,0.0,2073,50
normal_087,Normal,Normal,-0.36512875141575935,0.0,4701,50
normal_088,Normal,Normal,-0.3571558428835124,0.0,4086,50
normal_089,Normal,Normal,-0.40698229087051,0.0,6788,50
normal_090,Normal,Normal,-0.42873005795292557,0.0,4036,50
normal_091,Normal,Normal,-0.44323502312414353,0.0,7723,50
normal_092,Normal,Normal,-0.40074352755211295,0.0,3875,50
normal_093,Normal,Normal,-0.3783873826730997,0.0,4257,50
normal_094,Normal,Normal,-0.38336867593461643,0.0,4819,50
normal_095,Normal,Normal,-0.40397797963174525,0.0,4770,50
normal_096,Normal,Normal,-0.3419911429658532,0.0,4222,50
normal_097,Normal,Normal,-0.3588123781885951,0.0,3771,50
normal_098,Normal,Normal,-0.3903371209837496,0.0,1167,50
normal_099,Normal,Normal,-0.4147346822824329,0.0,4534,50
normal_100,Normal,Normal,-0.375444262502715,0.0,2524,50
normal_101,Normal,Normal,-0.3668341594934464,0.0,3388,50
normal_102,Normal,Normal,-0.4025126183778048,0.0,3775,50
normal_103,Normal,Normal,-0.40758709877729415,0.0,3288,50
normal_104,Normal,Normal,-0.4157335775718093,0.0,6413,50
normal_105,Normal,Normal,-0.41063018165994436,0.0,3681,50
normal_106,Normal,Normal,-0.41310937173664575,0.0,4413,50
normal_107,Normal,Normal,-0.3314207346737385,0.0,3253,50
normal_108,Normal,Normal,-0.38040414750576024,0.0,1134,50
normal_109,Normal,Normal,-0.39342960745096206,0.0,4619,50
normal_110,Normal,Normal,-0.3775921672582626,0.0,6396,50
normal_111,Normal,Normal,-0.383572116792202,0.0,8086,50
normal_112,Normal,Normal,-0.4193899461525143,0.0,5199,50
normal_113,Normal,Normal,-0.4110356370359659,0.0,4742,50
normal_114,Normal,Normal,-0.4090941505879163,0.0,7264,50
normal_115,Normal,Normal,-0.4060325269401074,0.0,4807,50
normal_116,Normal,Normal,-0.3335154108703136,0.0,3354,50
normal_117,Normal,Normal,-0.30656743481755255,0.0,3109,50
normal_118,Normal,Normal,-0.4170151029527187,0.0,3506,50
normal_119,Normal,Normal,-0.41621621631085876,0.0,4084,50
normal_120,Normal,Normal,-0.4162236033380031,0.0,5866,50
normal_121,Normal,Normal,-0.3656955464184284,0.0,6144,50
normal_122,Normal,Normal,-0.40551130667328833,0.0,5179,50
normal_123,Normal,Normal,-0.4200144308619201,0.0,4165,50
normal_124,Normal,Normal,-0.3592378458380699,0.0,4803,50
normal_125,Normal,Normal,-0.37914293557405476,0.0,7745,50
normal_126,Normal,Normal,-0.40522066861391065,0.0,3865,50
normal_127,Normal,Normal,-0.3958366849273443,0.0,7785,50
normal_128,Normal,Normal,-0.4174119292199612,0.0,2504,50
normal_129,Normal,Normal,-0.37893830046057697,0.0,8820,50
normal_130,Normal,Normal,-0.40788297004997726,0.0,3981,50
normal_131,Normal,Normal,-0.3689157815277576,0.0,5116,50
normal_132,Normal,Normal,-0.4244737507030368,0.0,7450,50
normal_133,Normal,Normal,-0.4147927841544151,0.0,5039,50
normal_134,Normal,Normal,-0.42124998942017555,0.0,2863,50
normal_135,Normal,Normal,-0.4003309066593647,0.0,4567,50
normal_136,Normal,Normal,-0.3703774033486843,0.0,4642,50
normal_137,Normal,Normal,-0.39177735783159734,0.0,6522,50
normal_138,Normal,Normal,-0.40632314391434193,0.0,6925,50
normal_139,Normal,Normal,-0.4064784291386604,0.0,7630,50
normal_140,Normal,Normal,-0.4344032009691,0.0,6233,50
normal_141,Normal,Normal,-0.4182325827330351,0.0,3285,50
normal_142,Normal,Normal,-0.37734508052468296,0.0,7008,50
normal_143,Normal,Normal,-0.4125429118797183,0.0,4000,50
normal_144,Normal,Normal,-0.3755211153998971,0.0,2998,50
normal_145,Normal,Normal,-0.39466875955462455,0.0,7279,50
normal_146,Normal,Normal,-0.40147637844085693,0.0,3821,50
normal_147,Normal,Normal,-0.36831687219440934,0.0,5452,50
normal_148,Normal,Normal,-0.39926966205239295,0.0,3597,50
normal_149,Normal,Normal,-0.3923834367841482,0.0,6428,50
normal_150,Normal,Normal,-0.416690000128001,0.0,1358,50
normal_151,Normal,Normal,-0.4287896698236,0.0,3800,50
normal_152,Normal,Normal,-0.40351133774966,0.0,3680,50
normal_153,Normal,Normal,-0.37618978559970856,0.0,2214,50
normal_154,Normal,Normal,-0.3993908829241991,0.0,4015,50
normal_155,Normal,Normal,-0.36172303231898695,0.0,1988,50
normal_156,Normal,Normal,-0.40277781195938583,0.0,2892,50
normal_157,Normal,Normal,-0.3602153896167874,0.0,3549,50
normal_158,Normal,Normal,-0.3337514175474644,0.0,4039,50
normal_159,Normal,Normal,-0.42917164534330365,0.0,5125,50
normal_160,Normal,Normal,-0.36742280185222626,0.0,6060,50
tumor_001,Tumor,Normal,-0.3581179265677929,0.1692307692307692,6500,50
tumor_002,Tumor,Normal,-0.3787402278301306,0.0375798571965426,2661,50
tumor_003,Tumor,Normal,-0.3400311645399779,0.2224340641881156,3147,50
tumor_004,Tumor,Normal,-0.26964113805443046,0.667302192564347,4196,50
tumor_005,Tumor,Normal,-0.3507741977274418,0.2349256068911511,1277,50
tumor_006,Tumor,Normal,-0.39517615228469366,0.0356760613628255,5606,50
tumor_007,Tumor,Normal,-0.3023172622453421,0.1017639077340569,2948,50
tumor_008,Tumor,Normal,-0.3885716486349702,0.0,4376,50
tumor_009,Tumor,Normal,-0.10284527361392976,16.618437370814387,4838,50
tumor_010,Tumor,Normal,-0.39574311992153527,0.0,3687,50
tumor_011,Tumor,Normal,-0.06614145576953889,4.91358024691358,4050,50
tumor_012,Tumor,Normal,-0.41750857703387734,0.0544959128065395,1835,50
tumor_013,Tumor,Normal,-0.37987516361754387,0.3076923076923077,3250,50
tumor_014,Tumor,Normal,-0.3207319903001189,1.6724053123462863,4066,50
tumor_015,Tumor,Normal,-0.17538275748491286,0.1716604244694132,6408,50
tumor_016,Tumor,Normal,-0.011294724941253664,9.478970495919649,1593,50
tumor_017,Tumor,Normal,-0.33065328359603885,0.0,5327,50
tumor_018,Tumor,Normal,-0.07746407300233843,0.9770603228547152,4708,50
tumor_019,Tumor,Normal,-0.29517484456300735,0.2582311168495804,1549,50
tumor_020,Tumor,Normal,-0.05835637331008914,1.3857218031924223,5701,50
tumor_021,Tumor,Normal,-0.2817874751240015,0.630297761356227,4601,50
tumor_022,Tumor,Normal,-0.3536422660201788,0.0998253057149987,4007,50
tumor_023,Tumor,Normal,-0.3827256536425557,0.05,2000,50
tumor_024,Tumor,Normal,-0.39705216221511364,0.0239520958083832,4175,50
tumor_025,Tumor,Normal,-0.30782793298363686,2.24848659556068,3469,50
tumor_026,Tumor,Normal,-0.18804526567459107,10.99199542595769,6996,50
tumor_027,Tumor,Normal,-0.34550797533243893,0.0447127207690588,4473,50
tumor_028,Tumor,Normal,-0.388152189598186,0.0347101700798333,5762,50
tumor_029,Tumor,Normal,-0.279716489315033,0.9448515233320478,5186,50
tumor_030,Tumor,Normal,-0.38727057320298625,0.0,4767,50
tumor_031,Tumor,Normal,-0.12999298781156537,8.194343727338651,1379,50
tumor_032,Tumor,Normal,-0.39393814653754816,0.0844059928254906,4739,50
tumor_033,Tumor,Normal,-0.2194594594836235,1.970350910114468,5329,50
tumor_034,Tumor,Normal,-0.19693556293845177,4.166666666666667,1896,50
tumor_035,Tumor,Normal,-0.3574343827040866,0.0507614213197969,1970,50
tumor_036,Tumor,Normal,-0.331986043676734,1.5802269043760129,4936,50
tumor_037,Tumor,Normal,-0.3091197475045919,0.5393180236604036,5748,50
tumor_038,Tumor,Normal,-0.24278566211462022,3.099510603588907,1226,50
tumor_039,Tumor,Normal,-0.09510128438472748,5.697674418604652,3440,50
tumor_040,Tumor,Normal,-0.38869520749896763,0.0212675457252233,4702,50
tumor_041,Tumor,Normal,-0.3383405734598637,0.045526974732529,4393,50
tumor_042,Tumor,Normal,-0.23253511518239975,0.8340113913751017,4916,50
tumor_043,Tumor,Normal,-0.29607218597084284,0.0,1240,50
tumor_044,Tumor,Normal,-0.22606187254190444,27.64403570462537,3697,50
tumor_045,Tumor,Normal,-0.3274003653228283,0.2795899347623485,4292,50
tumor_046,Tumor,Normal,-0.08301801145076754,14.24847958297133,5755,50
tumor_047,Tumor,Normal,-0.0623338896036148,13.118527042577677,4345,50
tumor_048,Tumor,Normal,-0.36600845891982314,0.037821482602118,5288,50
tumor_049,Tumor,Normal,-0.3397058085724711,0.0899820035992801,3334,50
tumor_050,Tumor,Normal,-0.3249751330167055,0.155902004454343,4490,50
tumor_051,Tumor,Normal,-0.2681381478905678,1.7123954076668613,5139,50
tumor_052,Tumor,Normal,-0.2886516592931002,1.4260768335273577,3436,50
tumor_053,Tumor,Normal,-0.4016163010708988,0.0315059861373661,3174,50
tumor_054,Tumor,Normal,-0.027024590969085716,24.94393651888908,5797,50
tumor_055,Tumor,Normal,-0.08591163039207461,11.261816687217427,2433,50
tumor_056,Tumor,Normal,-0.279056113511324,0.8527131782945736,3870,50
tumor_057,Tumor,Normal,-0.36287726105656476,0.0851788756388415,2348,50
tumor_058,Tumor,Normal,-0.07501367449760438,21.57115260785576,1553,50
tumor_059,Tumor,Normal,-0.332373035014607,0.0873362445414847,1145,50
tumor_060,Tumor,Normal,-0.3630682681780309,0.0,2203,50
tumor_061,Tumor,Normal,-0.26649369940161705,2.5535207634769157,3877,50
tumor_062,Tumor,Normal,-0.3049791595339775,0.8601553829078802,3604,50
tumor_063,Tumor,Normal,-0.21896423906087872,0.0132643586682583,7539,50
tumor_064,Tumor,Normal,-0.16359241753816606,4.073383084577115,3216,50
tumor_065,Tumor,Normal,-0.4058168839779682,0.0973709834469328,2054,50
tumor_066,Tumor,Normal,-0.37007248803973203,0.0,5977,50
tumor_067,Tumor,Normal,-0.37243110667914153,0.0,1805,50
tumor_068,Tumor,Normal,-0.12718409299850464,4.937486755668574,4719,50
tumor_069,Tumor,Normal,-0.4011275427695364,0.2581477896095515,3099,50
tumor_070,Tumor,Normal,-0.4387087645195425,0.0269832703723691,3706,50
tumor_071,Tumor,Normal,-0.23406780362129212,1.3419713095788988,4322,50
tumor_072,Tumor,Normal,-0.007979282140731792,1.9753086419753083,5670,50
tumor_073,Tumor,Normal,-0.3695523719489574,0.1549053356282272,5810,50
tumor_074,Tumor,Normal,-0.3234025618433952,0.1306457633445315,5358,50
tumor_075,Tumor,Normal,-0.1565410205721855,1.4255383682135274,3297,50
tumor_076,Tumor,Tumor,0.009853372573852548,39.84681154257214,5614,50
tumor_077,Tumor,Normal,-0.379512444883585,0.1979805979014056,5051,50
tumor_078,Tumor,Normal,-0.028504714369773865,19.859961807765757,4713,50
tumor_079,Tumor,Normal,-0.29082364320755005,0.4898359049718344,4083,50
tumor_080,Tumor,Normal,-0.37822166845202443,0.0646725949878739,6185,50
tumor_081,Tumor,Normal,-0.4160870444402099,0.0,3253,50
tumor_082,Tumor,Normal,-0.2611790230870247,8.661997788426097,2713,50
tumor_083,Tumor,Normal,-0.3499080875515938,0.6153846153846154,7475,50
tumor_084,Tumor,Normal,-0.20586531072854994,1.4640638864241349,2254,50
tumor_085,Tumor,Normal,-0.016445593833923355,15.891741845940318,2882,50
tumor_086,Tumor,Normal,-0.42082313660532233,0.028604118993135,6992,50
tumor_087,Tumor,Normal,-0.38320415146648884,0.0828271673108779,3622,50
tumor_088,Tumor,Normal,-0.19648593932390213,3.5076795350767958,4818,50
tumor_089,Tumor,Normal,-0.017976028919219955,17.817324185248715,9328,50
tumor_090,Tumor,Normal,-0.040805308222770675,3.051126992853216,7276,50
tumor_091,Tumor,Normal,-0.1711298081278801,3.3682634730538923,1336,50
tumor_092,Tumor,Normal,-0.23563848078250882,0.1994813484939158,10026,50
tumor_093,Tumor,Normal,-0.4018536090105772,0.1205545509342977,3318,50
tumor_094,Tumor,Normal,-0.3684576842933893,1.1533107973752237,5029,50
tumor_095,Tumor,Normal,-0.03560878276824947,9.094804499196572,9335,50
tumor_096,Tumor,Normal,-0.17281673163175582,0.6086266207991532,3779,50
tumor_097,Tumor,Normal,-0.3764239472150802,0.0172532781228433,5796,50
tumor_098,Tumor,Normal,-0.42902083772933114,0.0344827586206896,2900,50
tumor_099,Tumor,Normal,-0.28349107354879377,0.3459409594095941,4336,50
tumor_100,Tumor,Normal,-0.3795997706800699,0.1020929045431342,5877,50
tumor_101,Tumor,Tumor,0.016343128681182872,5.8042605742513125,3239,50
tumor_102,Tumor,Normal,-0.16205153226852415,3.227802413117459,9697,50
tumor_103,Tumor,Normal,-0.3925415026396513,0.078354554358472,5105,50
tumor_104,Tumor,Normal,-0.07940301299095154,1.4397120575884823,6668,50
tumor_105,Tumor,Normal,-0.12528643310070042,1.9146482122260668,4335,50
tumor_106,Tumor,Normal,-0.28329957216978074,0.975531744762514,6253,50
tumor_107,Tumor,Normal,-0.3406159618496895,0.1149425287356321,3480,50
tumor_108,Tumor,Normal,-0.2984565202891826,0.9541397353031702,6498,50
tumor_109,Tumor,Normal,-0.03660514950752258,2.2341745966073643,4834,50
tumor_110,Tumor,Normal,-0.1359796941280365,30.696969696969692,3300,50
tumor_111,Tumor,Normal,-0.35869054470211265,0.2079482439926062,4328,50
test_001,Tumor,Normal,-0.1448712068796158,2.2790697674418605,4300,50
test_002,Tumor,Normal,-0.3676402353681624,1.0288653901114604,3499,50
test_003,Normal,Normal,-0.36479057773947715,0.0,3363,50
test_004,Tumor,Normal,-0.4002892463281751,0.0,5481,50
test_005,Normal,Normal,-0.3689506266266107,0.0,2185,50
test_006,Normal,Normal,-0.3934866804396734,0.0,4088,50
test_007,Normal,Normal,-0.3740428203949705,0.0,3660,50
test_008,Tumor,Normal,-0.3991168544441462,0.0152091254752851,6575,50
test_009,Normal,Normal,-0.3441363440454006,0.0,4241,50
test_010,Tumor,Normal,-0.40746219077613205,0.0220312844238819,4539,50
test_011,Tumor,Normal,-0.37208509489893915,0.0,5632,50
test_012,Normal,Normal,-0.4234494003653526,0.0,5990,50
test_013,Tumor,Normal,-0.4299385913275182,0.08130081300813,1230,50
test_014,Normal,Normal,-0.37084987133741376,0.0,6692,50
test_015,Normal,Normal,-0.38578921942040323,0.0,1029,50
test_016,Tumor,Tumor,0.02227126657962797,10.554649265905384,6130,50
test_017,Normal,Normal,-0.36879262395203116,0.0,3312,50
test_018,Normal,Normal,-0.42490152299404144,0.0,2635,50
test_019,Normal,Normal,-0.42436662398278713,0.0,8551,50
test_020,Normal,Normal,-0.3875410423800349,0.0,514,50
test_021,Tumor,Normal,-0.034395506381988517,52.2167487684729,6496,50
test_022,Normal,Normal,-0.36889192372560503,0.0,4881,50
test_023,Normal,Normal,-0.3411332291830331,0.0,3298,50
test_024,Normal,Normal,-0.35425987004768106,0.0,2437,50
test_025,Normal,Normal,-0.37224183274898676,0.0,1188,50
test_026,Tumor,Normal,-0.17641268223524095,4.99304105775922,5748,50
test_027,Tumor,Normal,-0.218919550254941,1.5288394718554552,2878,50
test_028,Normal,Normal,-0.4106153734587133,0.0,4455,50
test_029,Tumor,Normal,-0.34044010009616615,0.0895656068069861,2233,50
test_030,Tumor,Normal,-0.4119150505773723,0.2566923359002567,2727,50
test_031,Normal,Normal,-0.41574290740769354,0.0,3838,50
test_032,Normal,Normal,-0.41142234813421963,0.0,3877,50
test_033,Tumor,Normal,-0.39074497774243355,0.0189089533894298,10577,50
test_034,Normal,Normal,-0.4118871027231216,0.0,3407,50
test_035,Normal,Normal,-0.40444752339157275,0.0,2868,50
test_036,Normal,Normal,-0.38233209641417487,0.0,3544,50
test_037,Normal,Normal,-0.37144343137741087,0.0,9531,50
test_038,Tumor,Normal,-0.38172847958747297,0.2326483132997285,2579,50
test_039,Normal,Normal,-0.35152823331765826,0.0,2253,50
test_040,Tumor,Normal,-0.19059136033058166,20.407040704070408,1818,50
test_041,Normal,Normal,-0.4221079072356224,0.0,4714,50
test_042,Normal,Normal,-0.3505528096854687,0.0,8784,50
test_043,Normal,Normal,-0.41282602860592305,0.0,1129,50
test_044,Normal,Normal,-0.3696664842963219,0.0,3040,50
test_045,Normal,Normal,-0.39709576562978327,0.0,1438,50
test_046,Tumor,Normal,-0.4160826104367152,0.0552181115405853,1811,50
test_047,Normal,Normal,-0.4150016030296683,0.0,2584,50
test_048,Tumor,Normal,-0.4248896500468254,0.0978665100802505,5109,50
test_050,Normal,Normal,-0.37605347592849286,0.0,4042,50
test_051,Tumor,Normal,-0.3114153609611094,3.020318506315212,1821,50
test_052,Tumor,Normal,-0.3418438507989049,0.0487567040468064,4102,50
test_053,Normal,Normal,-0.37534671228444494,0.0,5065,50
test_054,Normal,Normal,-0.3751106721768156,0.0,4325,50
test_055,Normal,Normal,-0.418327991720289,0.0,2152,50
test_056,Normal,Normal,-0.3723240275331773,0.0,6239,50
test_057,Normal,Normal,-0.39075255842879414,0.0,1929,50
test_058,Normal,Normal,-0.3733014614507556,0.0,4749,50
test_059,Normal,Normal,-0.4097347163595259,0.0,2823,50
test_060,Normal,Normal,-0.41238333648070696,0.0,1541,50
test_061,Tumor,Normal,-0.29188220731914044,0.6552262090483619,3205,50
test_062,Normal,Normal,-0.4200002060830593,0.0,1712,50
test_063,Normal,Normal,-0.390609685331583,0.0,4100,50
test_064,Tumor,Normal,-0.3467829424701631,0.0720980533525594,1387,50
test_065,Tumor,Normal,-0.4042121809674427,0.1262626262626262,1584,50
test_066,Tumor,Normal,-0.38876140139997006,0.0517866390471258,5793,50
test_067,Normal,Normal,-0.411798963341862,0.0,4281,50
test_068,Tumor,Normal,-0.2952555020153522,3.155339805825242,4944,50
test_069,Tumor,Normal,-0.23985314071178435,0.2094789211835559,11457,50
test_070,Normal,Normal,-0.3673321286635473,0.0,2861,50
test_071,Tumor,Normal,-0.07312232315540318,4.893403920446416,6989,50
test_072,Normal,Normal,-0.33481170058250426,0.0,3191,50
test_073,Tumor,Normal,-0.0680834698677063,13.865284974093264,4825,50
test_074,Tumor,Normal,-0.3939208645489998,0.1355748373101952,3688,50
test_075,Tumor,Normal,-0.07800838053226472,3.189493433395872,3198,50
test_076,Normal,Normal,-0.3939878558041528,0.0,3954,50
test_077,Normal,Normal,-0.3796692162007093,0.0,4412,50
test_078,Normal,Normal,-0.4442221049591899,0.0,4745,50
test_079,Tumor,Normal,-0.39288904512301087,0.4285714285714285,2800,50
test_080,Normal,Normal,-0.4266772371344268,0.0,5379,50
test_081,Normal,Normal,-0.27797658264636993,0.0,3190,50
test_082,Tumor,Normal,-0.3173170846700668,1.7209729233593392,4358,50
test_083,Normal,Normal,-0.3224190116487443,0.0,885,50
test_084,Tumor,Normal,-0.39171402391046284,0.2335084646818447,1713,50
test_085,Normal,Normal,-0.3138574673980475,0.0,3418,50
test_086,Normal,Normal,-0.3686432820558548,0.0,3359,50
test_087,Normal,Normal,-0.4108534013759345,0.0,2215,50
test_088,Normal,Normal,-0.34323325362056495,0.0,3134,50
test_089,Normal,Normal,-0.4019326451420784,0.0,3093,50
test_090,Tumor,Normal,-0.10532199382781982,34.18817118127905,6239,50
test_091,Normal,Normal,-0.3156464593112469,0.0,3624,50
test_092,Tumor,Normal,-0.29471832409501075,0.2054895053574049,6813,50
test_093,Normal,Normal,-0.3434130495786667,0.0,2890,50
test_094,Tumor,Normal,-0.1892682081460953,1.955614150736102,4551,50
test_095,Normal,Normal,-0.41926840409636495,0.0,3509,50
test_096,Normal,Normal,-0.41557777680456637,0.0,726,50
test_097,Tumor,Normal,-0.4022093766601756,0.0,3383,50
test_098,Normal,Normal,-0.37959127500653267,0.0,4464,50
test_099,Tumor,Normal,-0.3992205614037812,0.0,4789,50
test_100,Normal,Normal,-0.4199908525391947,0.0,6559,50
test_101,Normal,Normal,-0.3935161253809929,0.0,5669,50
test_102,Tumor,Normal,-0.37603627115488053,0.121334681496461,4945,50
test_103,Normal,Normal,-0.37500688772415747,0.0,2154,50
test_104,Tumor,Normal,-0.37230530425906183,1.3926084627745046,3734,50
test_105,Tumor,Tumor,0.02544209361076355,68.18663838812301,7544,50
test_106,Normal,Normal,-0.44220388161949814,0.0,1597,50
test_107,Normal,Normal,-0.36315460808109495,0.0,1275,50
test_108,Tumor,Normal,-0.4319997822470032,0.5213270142180095,2110,50
test_109,Normal,Normal,-0.43096008874475955,0.0,5357,50
test_110,Tumor,Normal,-0.4245883892988786,0.0,4714,50
test_111,Normal,Normal,-0.4042027624743059,0.0,3188,50
test_112,Normal,Normal,-0.29669515714515,0.0,2561,50
test_113,Tumor,Normal,-0.08762949407100679,24.304783092324804,5394,50
test_114,Tumor,Normal,-0.17690214186906816,32.49844752639205,4831,50
test_115,Normal,Normal,-0.4087249038927257,0.0,1506,50
test_116,Tumor,Normal,-0.4023480735172052,0.0,2349,50
test_117,Tumor,Normal,-0.4384451884473674,0.0,2795,50
test_118,Normal,Normal,-0.2426454445719719,0.0,2666,50
test_119,Normal,Normal,-0.3679524505883455,0.0,2528,50
test_120,Normal,Normal,-0.40118672743439676,0.0,6162,50
test_121,Tumor,Normal,-0.3260835118591785,0.5915100904662491,2874,50
test_122,Tumor,Normal,-0.3832917881757021,0.2521613832853026,2776,50
test_123,Normal,Normal,-0.3503664633631706,0.0,2607,50
test_124,Normal,Normal,-0.3923246755823493,0.0,941,50
test_125,Normal,Normal,-0.42872916320338844,0.0,4549,50
test_126,Normal,Normal,-0.386134478347376,0.0,4506,50
test_127,Normal,Normal,-0.39583883896470073,0.0,9498,50
test_128,Normal,Normal,-0.3838733360171318,0.0,1710,50
test_129,Normal,Normal,-0.3826126104430296,0.0,1412,50
test_130,Normal,Normal,-0.4137960480386391,0.0,2443,50
