bin_pct,x,n_tumor,auc,auc_seed_sd,auc_lo,auc_hi,sens@0.90spec,sens@0.95spec
0.02-0.05,0.0313296658675973,4.0,0.3847826086956522,5.551115123125783e-17,0.10144927536231885,0.7302173913043476,0.0,0.0
0.05-0.1,0.0760044197646793,8.0,0.6054347826086957,0.0,0.35564285714285715,0.846376811594203,0.25,0.25
0.1-0.25,0.14277554948637936,8.0,0.9086956521739131,0.0,0.7320869565217392,1.0,0.875,0.75
0.25-0.5,0.2795899347623485,3.0,0.9507246376811593,1.1102230246251565e-16,0.8347826086956521,1.0,0.6666666666666667,0.6666666666666667
0.5-1,0.8470833871414909,6.0,0.9565217391304349,0.0,0.8625465838509316,1.0,0.8333333333333334,0.8333333333333334
1-2.5,1.5031518689516852,6.0,0.9391304347826086,0.0,0.8,1.0,0.8333333333333334,0.8333333333333334
2.5-5,3.5076795350767958,5.0,0.9982608695652176,1.1102230246251565e-16,0.9884057971014494,1.0,1.0,1.0
5-15,11.261816687217427,5.0,1.0,0.0,1.0,1.0,1.0,1.0
15-100,20.461610231569594,4.0,1.0,0.0,1.0,1.0,1.0,1.0
pi=0 (no patch registered),,4.0,0.45434782608695656,5.551115123125783e-17,,,,
